{
  "type": "FeatureCollection",
  "generator": "overpass-turbo",
  "copyright": "The data included in this document is from www.openstreetmap.org. The data is made available under ODbL.",
  "timestamp": "2025-06-26T14:28:36Z",
  "features": [
    {
      "type": "Feature",
      "properties": {
        "@id": "relation/14756874",
        "addr:housenumber": "9",
        "addr:street": "King's College Circle",
        "amenity": "library",
        "building": "yes",
        "building:colour": "grey",
        "building:material": "stone",
        "check_date": "2025-04-30",
        "description": "The largest science and health science academic library in Canada, with computers, printers, and 3D printers available to students. TCard required for entry.",
        "email": "ask.gerstein@utoronto.ca",
        "internet_access": "wlan",
        "internet_access:fee": "customers",
        "name": "Gerstein Science Information Centre",
        "opening_hours": "Mo-Th 08:30-23:00; Fr 08:30-22:00; Sa 09:00-22:00; Su 10:00-22:00",
        "operator": "University of Toronto",
        "operator:type": "university",
        "operator:wikidata": "Q180865",
        "operator:wikipedia": "en:University of Toronto",
        "phone": "+1 4169782280",
        "type": "multipolygon",
        "website": "https://gerstein.library.utoronto.ca",
        "wheelchair": "limited",
        "wikidata": "Q5553159",
        "wikipedia": "en:Gerstein Science Information Centre"
      },
      "geometry": {
        "type": "Polygon",
        "coordinates": [
          [
            [
              -79.3942093,
              43.6624669
            ],
            [
              -79.3941153,
              43.6622436
            ],
            [
              -79.3940795,
              43.662155
            ],
            [
              -79.3940155,
              43.6620005
            ],
            [
              -79.3939473,
              43.6620151
            ],
            [
              -79.3939135,
              43.6619269
            ],
            [
              -79.393974,
              43.661914
            ],
            [
              -79.3939731,
              43.6619116
            ],
            [
              -79.3939989,
              43.6619064
            ],
            [
              -79.3939904,
              43.6618856
            ],
            [
              -79.3939778,
              43.6618537
            ],
            [
              -79.393952,
              43.6618589
            ],
            [
              -79.393951,
              43.6618565
            ],
            [
              -79.3939079,
              43.6617463
            ],
            [
              -79.393848,
              43.66176
            ],
            [
              -79.3937727,
              43.661777
            ],
            [
              -79.3937543,
              43.6617291
            ],
            [
              -79.3937694,
              43.6617201
            ],
            [
              -79.3937742,
              43.6617066
            ],
            [
              -79.3937682,
              43.661695
            ],
            [
              -79.3937508,
              43.6616861
            ],
            [
              -79.3937362,
              43.6616865
            ],
            [
              -79.3937266,
              43.6616609
            ],
            [
              -79.3937206,
              43.6616403
            ],
            [
              -79.393712,
              43.6616223
            ],
            [
              -79.3937787,
              43.6616107
            ],
            [
              -79.3937597,
              43.6615644
            ],
            [
              -79.3937404,
              43.6615168
            ],
            [
              -79.3934883,
              43.6615706
            ],
            [
              -79.3935031,
              43.6616079
            ],
            [
              -79.3934772,
              43.6616136
            ],
            [
              -79.3934822,
              43.6616278
            ],
            [
              -79.393476,
              43.6616292
            ],
            [
              -79.3934474,
              43.6616355
            ],
            [
              -79.3934274,
              43.66164
            ],
            [
              -79.3934337,
              43.6616537
            ],
            [
              -79.3933601,
              43.6616695
            ],
            [
              -79.3934361,
              43.6618534
            ],
            [
              -79.3934032,
              43.6618605
            ],
            [
              -79.3933867,
              43.6618221
            ],
            [
              -79.393125,
              43.6618773
            ],
            [
              -79.3930876,
              43.6618853
            ],
            [
              -79.3930714,
              43.661889
            ],
            [
              -79.3930767,
              43.6619024
            ],
            [
              -79.3930868,
              43.6619268
            ],
            [
              -79.3930968,
              43.6619519
            ],
            [
              -79.393123,
              43.6620155
            ],
            [
              -79.3933864,
              43.6619603
            ],
            [
              -79.3933925,
              43.6619752
            ],
            [
              -79.393378,
              43.6619787
            ],
            [
              -79.3933896,
              43.6620075
            ],
            [
              -79.3934341,
              43.661998
            ],
            [
              -79.3934624,
              43.6620743
            ],
            [
              -79.3934441,
              43.6620783
            ],
            [
              -79.3934416,
              43.6620724
            ],
            [
              -79.3933556,
              43.6620912
            ],
            [
              -79.3934138,
              43.6622274
            ],
            [
              -79.3933779,
              43.6622156
            ],
            [
              -79.393363,
              43.6622322
            ],
            [
              -79.3933403,
              43.6622255
            ],
            [
              -79.3933032,
              43.6622757
            ],
            [
              -79.3933228,
              43.6622853
            ],
            [
              -79.3933113,
              43.6622994
            ],
            [
              -79.3933779,
              43.6623268
            ],
            [
              -79.3933905,
              43.6623127
            ],
            [
              -79.3934215,
              43.6623234
            ],
            [
              -79.3934407,
              43.6623005
            ],
            [
              -79.3935825,
              43.6626593
            ],
            [
              -79.3936425,
              43.662647
            ],
            [
              -79.3936723,
              43.6626407
            ],
            [
              -79.3936361,
              43.6625499
            ],
            [
              -79.3936583,
              43.6625453
            ],
            [
              -79.3936707,
              43.6625764
            ],
            [
              -79.3942093,
              43.6624669
            ]
          ],
          [
            [
              -79.3935918,
              43.661782
            ],
            [
              -79.3935126,
              43.6617978
            ],
            [
              -79.393465,
              43.6616789
            ],
            [
              -79.3934998,
              43.6616721
            ],
            [
              -79.3935028,
              43.6616811
            ],
            [
              -79.3935478,
              43.661672
            ],
            [
              -79.3935672,
              43.661721
            ],
            [
              -79.3935528,
              43.661729
            ],
            [
              -79.3935496,
              43.6617403
            ],
            [
              -79.3935548,
              43.6617521
            ],
            [
              -79.3935678,
              43.6617591
            ],
            [
              -79.3935831,
              43.6617603
            ],
            [
              -79.3935918,
              43.661782
            ]
          ]
        ]
      },
      "id": "relation/14756874"
    },
    {
      "type": "Feature",
      "properties": {
        "@id": "way/7991747",
        "addr:city": "Toronto",
        "addr:housename": "Robarts Library",
        "addr:postcode": "M5S 1A5",
        "addr:province": "Ontario",
        "addr:street": "St George Street",
        "amenity": "library",
        "building": "university",
        "building:colour": "gray",
        "building:levels": "14",
        "building:material": "concrete",
        "capacity": "6000 seats",
        "height": "63",
        "internet_access": "yes",
        "internet_access:fee": "no",
        "internet_access:ssid": "UofT",
        "loc_name": "Fort Book",
        "name": "Robarts Library",
        "opening_hours": "Mo-Fr 08:30-23:00; Sa 09:00-22:00; Su 10:00-22:00",
        "operator": "University of Toronto",
        "operator:type": "university",
        "operator:wikidata": "Q180865",
        "operator:wikipedia": "en:University of Toronto",
        "roof:colour": "gray",
        "roof:material": "concrete",
        "source:height": "estimated",
        "wheelchair": "yes",
        "wikidata": "Q2156146",
        "wikipedia": "en:Robarts Library"
      },
      "geometry": {
        "type": "Polygon",
        "coordinates": [
          [
            [
              -79.3996963,
              43.6639595
            ],
            [
              -79.3996408,
              43.6640031
            ],
            [
              -79.3995764,
              43.6640536
            ],
            [
              -79.3995427,
              43.664049
            ],
            [
              -79.3994122,
              43.6641478
            ],
            [
              -79.3993965,
              43.6641479
            ],
            [
              -79.3993776,
              43.6641087
            ],
            [
              -79.3993661,
              43.6641066
            ],
            [
              -79.3993219,
              43.6641393
            ],
            [
              -79.3993242,
              43.6641481
            ],
            [
              -79.3993802,
              43.6641596
            ],
            [
              -79.3993816,
              43.6641697
            ],
            [
              -79.3993692,
              43.6641791
            ],
            [
              -79.3993487,
              43.6641948
            ],
            [
              -79.3991564,
              43.6643428
            ],
            [
              -79.3991357,
              43.6643587
            ],
            [
              -79.3991277,
              43.6643658
            ],
            [
              -79.3991097,
              43.6643646
            ],
            [
              -79.3990886,
              43.6643156
            ],
            [
              -79.3990336,
              43.6643593
            ],
            [
              -79.3990916,
              43.6643767
            ],
            [
              -79.3990979,
              43.6643881
            ],
            [
              -79.3989691,
              43.6644817
            ],
            [
              -79.39897,
              43.6645118
            ],
            [
              -79.3989079,
              43.6645584
            ],
            [
              -79.3988507,
              43.6646012
            ],
            [
              -79.3989339,
              43.6646172
            ],
            [
              -79.3990226,
              43.6646333
            ],
            [
              -79.3990302,
              43.6646564
            ],
            [
              -79.3992186,
              43.6646834
            ],
            [
              -79.3992255,
              43.6646981
            ],
            [
              -79.3991868,
              43.6647271
            ],
            [
              -79.3991896,
              43.6647352
            ],
            [
              -79.3992532,
              43.664747
            ],
            [
              -79.3992615,
              43.6647398
            ],
            [
              -79.3992473,
              43.6647011
            ],
            [
              -79.3992609,
              43.6646916
            ],
            [
              -79.3992658,
              43.6646921
            ],
            [
              -79.3993026,
              43.664698
            ],
            [
              -79.3995798,
              43.664748
            ],
            [
              -79.399617,
              43.6647541
            ],
            [
              -79.3996204,
              43.6647548
            ],
            [
              -79.3996277,
              43.6647728
            ],
            [
              -79.3995861,
              43.6647993
            ],
            [
              -79.3995881,
              43.664807
            ],
            [
              -79.3996542,
              43.6648198
            ],
            [
              -79.3996629,
              43.6648129
            ],
            [
              -79.3996475,
              43.6647772
            ],
            [
              -79.3996619,
              43.6647619
            ],
            [
              -79.3998416,
              43.6647974
            ],
            [
              -79.3998637,
              43.6647813
            ],
            [
              -79.3999553,
              43.6647981
            ],
            [
              -79.4000377,
              43.6648133
            ],
            [
              -79.400014,
              43.6647539
            ],
            [
              -79.3999885,
              43.66469
            ],
            [
              -79.4000078,
              43.6646722
            ],
            [
              -79.3999498,
              43.6645417
            ],
            [
              -79.3999656,
              43.6645315
            ],
            [
              -79.4000205,
              43.6645398
            ],
            [
              -79.4000286,
              43.6645351
            ],
            [
              -79.4000065,
              43.6644847
            ],
            [
              -79.3999968,
              43.6644839
            ],
            [
              -79.3999619,
              43.6645152
            ],
            [
              -79.3999392,
              43.6645158
            ],
            [
              -79.3998322,
              43.66425
            ],
            [
              -79.3998493,
              43.6642426
            ],
            [
              -79.3999036,
              43.6642513
            ],
            [
              -79.3999111,
              43.6642441
            ],
            [
              -79.3998877,
              43.6641929
            ],
            [
              -79.3998801,
              43.6641941
            ],
            [
              -79.3998406,
              43.6642254
            ],
            [
              -79.3998215,
              43.6642219
            ],
            [
              -79.3997752,
              43.6640877
            ],
            [
              -79.3997472,
              43.664081
            ],
            [
              -79.3997219,
              43.6640171
            ],
            [
              -79.3996963,
              43.6639595
            ]
          ]
        ]
      },
      "id": "way/7991747"
    },
    {
      "type": "Feature",
      "properties": {
        "@id": "way/8027952",
        "addr:city": "Toronto",
        "addr:housenumber": "113",
        "addr:street": "St. Joseph Street",
        "amenity": "library",
        "building": "university",
        "building:colour": "gray",
        "building:levels": "4",
        "building:material": "concrete",
        "check_date": "2025-04-30",
        "college": "St. Michael's College",
        "description": "The John M. Kelly Library is the largest federated college library at the University of Toronto, with computers and printers available to students. Writing labs and related resources are also available at this library.",
        "email": "kelly.library@utoronto.ca",
        "internet_access": "wlan",
        "internet_access:fee": "students",
        "name": "John M. Kelly Library - St. Michael’s College",
        "opening_hours": "Mo-Fr 08:30-16:30; Sa-Su off",
        "operator": "University of Toronto",
        "operator:type": "university",
        "operator:wikidata": "Q180865",
        "operator:wikipedia": "en:University of Toronto",
        "phone": "+1 4169267114",
        "website": "https://library.stmikes.utoronto.ca",
        "wheelchair": "yes",
        "wikidata": "Q64760824"
      },
      "geometry": {
        "type": "Polygon",
        "coordinates": [
          [
            [
              -79.389119,
              43.6647047
            ],
            [
              -79.3891693,
              43.6648207
            ],
            [
              -79.3891631,
              43.6648221
            ],
            [
              -79.3891684,
              43.6648343
            ],
            [
              -79.3892989,
              43.6651353
            ],
            [
              -79.3896638,
              43.6650525
            ],
            [
              -79.3896888,
              43.6650469
            ],
            [
              -79.3899023,
              43.6649984
            ],
            [
              -79.3897725,
              43.664699
            ],
            [
              -79.3897162,
              43.6645692
            ],
            [
              -79.389119,
              43.6647047
            ]
          ]
        ]
      },
      "id": "way/8027952"
    },
    {
      "type": "Feature",
      "properties": {
        "@id": "way/8111900",
        "addr:city": "Toronto",
        "addr:housenumber": "71",
        "addr:postcode": "M5S 1K7",
        "addr:street": "Queen's Park Crescent East",
        "amenity": "library",
        "building": "university",
        "building:levels": "3",
        "built_date": "1960",
        "check_date": "2025-04-30",
        "college": "Victoria College",
        "description": "The Library’s collection numbers approximately 250,000 items and contains books, periodicals, documents, pamphlets and specialized material, excluding theology, which support undergraduate studies at Victoria University.",
        "email": "victoria.library@utoronto.ca",
        "fax": "+1-416-585-4591",
        "internet_access": "wlan",
        "internet_access:fee": "students",
        "name": "E. J. Pratt Library - Victoria University",
        "opening_hours": "Mo-We 09:00-23:45; Th-Fr 09:00-16:45; Sa-Su off",
        "operator": "University of Toronto",
        "operator:type": "university",
        "operator:wikidata": "Q180865",
        "operator:wikipedia": "en:University of Toronto",
        "phone": "+1-416-585-4470",
        "website": "https://library.vicu.utoronto.ca",
        "wheelchair": "yes",
        "wikidata": "Q76176053"
      },
      "geometry": {
        "type": "Polygon",
        "coordinates": [
          [
            [
              -79.3914225,
              43.6661144
            ],
            [
              -79.3910283,
              43.6662011
            ],
            [
              -79.391042,
              43.666235
            ],
            [
              -79.3911511,
              43.6665035
            ],
            [
              -79.3911603,
              43.6665259
            ],
            [
              -79.3913228,
              43.6664896
            ],
            [
              -79.3915558,
              43.6664422
            ],
            [
              -79.3914225,
              43.6661144
            ]
          ]
        ]
      },
      "id": "way/8111900"
    },
    {
      "type": "Feature",
      "properties": {
        "@id": "way/9916090",
        "addr:city": "Toronto",
        "addr:housenumber": "120",
        "addr:street": "St George Street",
        "amenity": "library",
        "building": "university",
        "building:colour": "gray",
        "building:material": "concrete",
        "height": "20",
        "min_height": "13",
        "name": "Fisher Rare Book Library",
        "operator": "University of Toronto",
        "operator:type": "university",
        "operator:wikidata": "Q180865",
        "operator:wikipedia": "en:University of Toronto",
        "roof:colour": "gray",
        "roof:material": "concrete",
        "wikidata": "Q7789602",
        "wikipedia": "en:Thomas Fisher Rare Book Library"
      },
      "geometry": {
        "type": "Polygon",
        "coordinates": [
          [
            [
              -79.3989654,
              43.6642193
            ],
            [
              -79.3990009,
              43.6641917
            ],
            [
              -79.3990509,
              43.6642005
            ],
            [
              -79.3990688,
              43.6641857
            ],
            [
              -79.3990976,
              43.6641917
            ],
            [
              -79.3991406,
              43.664159
            ],
            [
              -79.3991314,
              43.6641378
            ],
            [
              -79.3991512,
              43.6641226
            ],
            [
              -79.3991401,
              43.6640877
            ],
            [
              -79.3991755,
              43.6640601
            ],
            [
              -79.399169,
              43.6640416
            ],
            [
              -79.3991908,
              43.6640245
            ],
            [
              -79.399158,
              43.6639397
            ],
            [
              -79.3990377,
              43.6639187
            ],
            [
              -79.398934,
              43.6639947
            ],
            [
              -79.3988882,
              43.6639861
            ],
            [
              -79.3988656,
              43.6639821
            ],
            [
              -79.3988621,
              43.6639847
            ],
            [
              -79.3988482,
              43.6639949
            ],
            [
              -79.3988461,
              43.6639964
            ],
            [
              -79.3988521,
              43.6640114
            ],
            [
              -79.3988639,
              43.6640473
            ],
            [
              -79.3987633,
              43.6641252
            ],
            [
              -79.3987975,
              43.6642113
            ],
            [
              -79.3989155,
              43.6642309
            ],
            [
              -79.3989373,
              43.6642144
            ],
            [
              -79.3989654,
              43.6642193
            ]
          ]
        ]
      },
      "id": "way/9916090"
    },
    {
      "type": "Feature",
      "properties": {
        "@id": "way/12000627",
        "addr:city": "Toronto",
        "addr:housenumber": "78",
        "addr:street": "Queen's Park",
        "amenity": "library",
        "building": "yes",
        "department": "Faculty of Law",
        "name": "Bora Laskin Law Library",
        "operator": "University of Toronto",
        "operator:type": "university",
        "operator:wikidata": "Q180865",
        "operator:wikipedia": "en:University of Toronto",
        "wikidata": "Q73654971"
      },
      "geometry": {
        "type": "Polygon",
        "coordinates": [
          [
            [
              -79.3945573,
              43.665889
            ],
            [
              -79.394451,
              43.6656119
            ],
            [
              -79.3944942,
              43.6655975
            ],
            [
              -79.3944636,
              43.6655249
            ],
            [
              -79.3942435,
              43.665565
            ],
            [
              -79.3942997,
              43.6657101
            ],
            [
              -79.3941371,
              43.6657489
            ],
            [
              -79.3941397,
              43.6657614
            ],
            [
              -79.394087,
              43.6657739
            ],
            [
              -79.3940584,
              43.6658433
            ],
            [
              -79.3940749,
              43.6658865
            ],
            [
              -79.3940152,
              43.6659034
            ],
            [
              -79.3940437,
              43.6659515
            ],
            [
              -79.3940308,
              43.6659997
            ],
            [
              -79.3941138,
              43.6659813
            ],
            [
              -79.3945573,
              43.665889
            ]
          ]
        ]
      },
      "id": "way/12000627"
    },
    {
      "type": "Feature",
      "properties": {
        "@id": "way/23447362",
        "addr:city": "Toronto",
        "addr:housenumber": "350",
        "addr:street": "Victoria Street",
        "amenity": "library",
        "building": "university",
        "building:colour": "gray",
        "building:levels": "10",
        "building:material": "concrete",
        "name": "Library Building",
        "note": "entrance is on 2nd floor (actually 2 floors up from entrance level because entrance is floor 0), top public floor is 10, but there is a non-public floor 11",
        "operator": "Toronto Metropolitan University",
        "operator:type": "private",
        "ref": "LIB",
        "wheelchair": "yes",
        "wikipedia": "en:Ryerson University Library"
      },
      "geometry": {
        "type": "Polygon",
        "coordinates": [
          [
            [
              -79.3808635,
              43.6580589
            ],
            [
              -79.3808192,
              43.6579518
            ],
            [
              -79.3808082,
              43.6579251
            ],
            [
              -79.3807618,
              43.6578128
            ],
            [
              -79.3807312,
              43.6577387
            ],
            [
              -79.3807016,
              43.6576672
            ],
            [
              -79.3802414,
              43.6577724
            ],
            [
              -79.3803116,
              43.6579327
            ],
            [
              -79.380325,
              43.6579631
            ],
            [
              -79.3803351,
              43.6579612
            ],
            [
              -79.380348,
              43.6579931
            ],
            [
              -79.380409,
              43.6579802
            ],
            [
              -79.3804141,
              43.6579964
            ],
            [
              -79.3804288,
              43.6580328
            ],
            [
              -79.380444,
              43.6580703
            ],
            [
              -79.3804737,
              43.6581435
            ],
            [
              -79.3808635,
              43.6580589
            ]
          ]
        ]
      },
      "id": "way/23447362"
    },
    {
      "type": "Feature",
      "properties": {
        "@id": "way/27547985",
        "addr:city": "North York",
        "addr:housenumber": "5801",
        "addr:street": "Leslie Street",
        "amenity": "library",
        "building": "civic",
        "internet_access": "wlan",
        "internet_access:fee": "no",
        "internet_access:ssid": "Toronto Public Library",
        "name": "Toronto Public Library - Hillcrest",
        "operator": "Toronto Public Library",
        "operator:short": "TPL",
        "operator:type": "public",
        "operator:wikidata": "Q2901516",
        "operator:wikipedia": "en:Toronto Public Library",
        "toilets:wheelchair": "yes",
        "website": "https://www.torontopubliclibrary.ca/detail.jsp?R=LIB051",
        "wheelchair": "yes",
        "wikidata": "Q56530882"
      },
      "geometry": {
        "type": "Polygon",
        "coordinates": [
          [
            [
              -79.369013,
              43.797265
            ],
            [
              -79.369215,
              43.79722
            ],
            [
              -79.369183,
              43.797144
            ],
            [
              -79.36919,
              43.797142
            ],
            [
              -79.369162,
              43.797077
            ],
            [
              -79.369168,
              43.797076
            ],
            [
              -79.36919,
              43.797048
            ],
            [
              -79.369147,
              43.796945
            ],
            [
              -79.369109,
              43.796931
            ],
            [
              -79.368875,
              43.796985
            ],
            [
              -79.368856,
              43.797013
            ],
            [
              -79.368789,
              43.797028
            ],
            [
              -79.368833,
              43.79713
            ],
            [
              -79.3689,
              43.797114
            ],
            [
              -79.368936,
              43.797127
            ],
            [
              -79.368948,
              43.797125
            ],
            [
              -79.368976,
              43.79719
            ],
            [
              -79.368981,
              43.797189
            ],
            [
              -79.369013,
              43.797265
            ]
          ]
        ]
      },
      "id": "way/27547985"
    },
    {
      "type": "Feature",
      "properties": {
        "@id": "way/28156063",
        "addr:city": "Toronto",
        "addr:housenumber": "789",
        "addr:street": "Yonge Street",
        "amenity": "library",
        "building": "yes",
        "building:levels": "5",
        "internet_access": "wlan",
        "internet_access:fee": "no",
        "name": "Toronto Public Library - Toronto Reference Library",
        "opening_hours": "Sep-Jun: Mo-Th 09:30-20:30; Fr 09:30-17:30; Sa 09:00-17:00; Su 13:30-17:00; Jul-Aug: Mo-Fr 09:30-20:30; Fr 09:30-17:30; Sa 09:00-17:00",
        "operator": "Toronto Public Library",
        "operator:short": "TPL",
        "operator:type": "public",
        "operator:wikidata": "Q2901516",
        "operator:wikipedia": "en:Toronto Public Library",
        "phone": "+1-416-395-5577",
        "stars": "8.9",
        "stars:system": "10 star rating",
        "toilets:wheelchair": "yes",
        "website": "https://www.torontopubliclibrary.ca/detail.jsp?R=LIB018",
        "wheelchair": "yes",
        "wikidata": "Q7826494",
        "wikipedia": "en:Toronto Reference Library"
      },
      "geometry": {
        "type": "Polygon",
        "coordinates": [
          [
            [
              -79.3862075,
              43.6723149
            ],
            [
              -79.3864768,
              43.6722582
            ],
            [
              -79.3869234,
              43.6721642
            ],
            [
              -79.3869796,
              43.6721892
            ],
            [
              -79.3870811,
              43.6721657
            ],
            [
              -79.3871438,
              43.6721814
            ],
            [
              -79.3872237,
              43.6721782
            ],
            [
              -79.3872907,
              43.6721517
            ],
            [
              -79.3873253,
              43.672111
            ],
            [
              -79.3873429,
              43.6721074
            ],
            [
              -79.3873921,
              43.6720974
            ],
            [
              -79.3871603,
              43.6715148
            ],
            [
              -79.3871303,
              43.6715205
            ],
            [
              -79.3871219,
              43.6715016
            ],
            [
              -79.3871126,
              43.6714772
            ],
            [
              -79.387141,
              43.6714708
            ],
            [
              -79.3871073,
              43.6714068
            ],
            [
              -79.3870051,
              43.6714352
            ],
            [
              -79.3869721,
              43.671445
            ],
            [
              -79.3859379,
              43.6716568
            ],
            [
              -79.3862075,
              43.6723149
            ]
          ]
        ]
      },
      "id": "way/28156063"
    },
    {
      "type": "Feature",
      "properties": {
        "@id": "way/29003851",
        "addr:housenumber": "115",
        "addr:street": "Campus Walk",
        "amenity": "library",
        "building": "university",
        "building:levels": "6",
        "height": "18 m",
        "internet_access": "wlan",
        "internet_access:fee": "no",
        "name": "Scott Library",
        "operator": "York University",
        "operator:type": "university",
        "website": "https://www.library.yorku.ca/",
        "wheelchair": "yes"
      },
      "geometry": {
        "type": "Polygon",
        "coordinates": [
          [
            [
              -79.5061347,
              43.7725975
            ],
            [
              -79.5060846,
              43.772481
            ],
            [
              -79.5060711,
              43.7724495
            ],
            [
              -79.5060062,
              43.7722984
            ],
            [
              -79.5059624,
              43.7723082
            ],
            [
              -79.5058871,
              43.772133
            ],
            [
              -79.5058397,
              43.7721437
            ],
            [
              -79.5057873,
              43.7720219
            ],
            [
              -79.5057087,
              43.7720395
            ],
            [
              -79.505602,
              43.7719988
            ],
            [
              -79.5055677,
              43.7720059
            ],
            [
              -79.5055102,
              43.7720884
            ],
            [
              -79.5053102,
              43.7721327
            ],
            [
              -79.5049784,
              43.7722062
            ],
            [
              -79.5050599,
              43.7723981
            ],
            [
              -79.5050679,
              43.7724169
            ],
            [
              -79.5051451,
              43.7725987
            ],
            [
              -79.5050807,
              43.7726784
            ],
            [
              -79.5050901,
              43.7727013
            ],
            [
              -79.5052114,
              43.7727464
            ],
            [
              -79.505235,
              43.7728015
            ],
            [
              -79.5053949,
              43.7727658
            ],
            [
              -79.5054094,
              43.7727997
            ],
            [
              -79.5056554,
              43.7727446
            ],
            [
              -79.5056662,
              43.7727697
            ],
            [
              -79.506077,
              43.7726777
            ],
            [
              -79.5060506,
              43.7726163
            ],
            [
              -79.5061347,
              43.7725975
            ]
          ]
        ]
      },
      "id": "way/29003851"
    },
    {
      "type": "Feature",
      "properties": {
        "@id": "way/29003925",
        "addr:city": "North York",
        "addr:housenumber": "136",
        "addr:street": "Campus Walk",
        "amenity": "library",
        "building": "university",
        "building:levels": "2",
        "height": "6",
        "internet_access": "yes",
        "internet_access:fee": "no",
        "name": "Steacie Science & Engineering Library",
        "operator": "York University",
        "operator:type": "university",
        "website": "https://www.library.yorku.ca/",
        "wheelchair": "yes"
      },
      "geometry": {
        "type": "Polygon",
        "coordinates": [
          [
            [
              -79.5057967,
              43.774081
            ],
            [
              -79.5062984,
              43.773967
            ],
            [
              -79.5063209,
              43.7739619
            ],
            [
              -79.5063379,
              43.773958
            ],
            [
              -79.5065459,
              43.7739109
            ],
            [
              -79.5065359,
              43.773888
            ],
            [
              -79.5064643,
              43.7737236
            ],
            [
              -79.5063466,
              43.7737503
            ],
            [
              -79.5062716,
              43.7735781
            ],
            [
              -79.5063777,
              43.773554
            ],
            [
              -79.5063074,
              43.773393
            ],
            [
              -79.5063021,
              43.7733808
            ],
            [
              -79.5062984,
              43.7733723
            ],
            [
              -79.5061267,
              43.7734113
            ],
            [
              -79.5060749,
              43.7734231
            ],
            [
              -79.506056,
              43.7734274
            ],
            [
              -79.5057608,
              43.7734945
            ],
            [
              -79.5057197,
              43.7735038
            ],
            [
              -79.505687,
              43.7735113
            ],
            [
              -79.5055664,
              43.7735387
            ],
            [
              -79.5056268,
              43.7736772
            ],
            [
              -79.5056442,
              43.7737172
            ],
            [
              -79.5055429,
              43.7737403
            ],
            [
              -79.5055593,
              43.7737781
            ],
            [
              -79.5056233,
              43.7739248
            ],
            [
              -79.5057192,
              43.7739031
            ],
            [
              -79.5057967,
              43.774081
            ]
          ]
        ]
      },
      "id": "way/29003925"
    },
    {
      "type": "Feature",
      "properties": {
        "@id": "way/30926375",
        "addr:city": "North York",
        "addr:housenumber": "184",
        "addr:street": "Sloane Avenue",
        "amenity": "library",
        "building": "civic",
        "internet_access": "wlan",
        "internet_access:fee": "no",
        "name": "Toronto Public Library - Victoria Village",
        "opendata:type": "107009",
        "operator": "Toronto Public Library",
        "operator:short": "TPL",
        "operator:type": "public",
        "operator:wikidata": "Q2901516",
        "operator:wikipedia": "en:Toronto Public Library",
        "website": "https://www.torontopubliclibrary.ca/detail.jsp?R=LIB092"
      },
      "geometry": {
        "type": "Polygon",
        "coordinates": [
          [
            [
              -79.312783,
              43.736095
            ],
            [
              -79.313079,
              43.73603
            ],
            [
              -79.313059,
              43.735983
            ],
            [
              -79.313053,
              43.735968
            ],
            [
              -79.313071,
              43.735964
            ],
            [
              -79.313061,
              43.73594
            ],
            [
              -79.313043,
              43.735944
            ],
            [
              -79.313037,
              43.735928
            ],
            [
              -79.312801,
              43.73598
            ],
            [
              -79.312793,
              43.735963
            ],
            [
              -79.312754,
              43.735972
            ],
            [
              -79.312761,
              43.735988
            ],
            [
              -79.31274,
              43.735993
            ],
            [
              -79.312763,
              43.736048
            ],
            [
              -79.312783,
              43.736095
            ]
          ]
        ]
      },
      "id": "way/30926375"
    },
    {
      "type": "Feature",
      "properties": {
        "@id": "way/32623919",
        "addr:city": "North York",
        "addr:housenumber": "888",
        "addr:street": "Lawrence Avenue East",
        "amenity": "library",
        "building": "civic",
        "building:colour": "brown",
        "building:levels": "2",
        "building:material": "brick",
        "internet_access": "wlan",
        "internet_access:fee": "no",
        "name": "Toronto Public Library - Don Mills",
        "opendata:type": "107009",
        "operator": "Toronto Public Library",
        "operator:short": "TPL",
        "operator:type": "public",
        "operator:wikidata": "Q2901516",
        "operator:wikipedia": "en:Toronto Public Library",
        "return_machine": "yes",
        "website": "https://www.torontopubliclibrary.ca/detail.jsp?R=LIB09"
      },
      "geometry": {
        "type": "Polygon",
        "coordinates": [
          [
            [
              -79.3476491,
              43.7367022
            ],
            [
              -79.3476254,
              43.7366443
            ],
            [
              -79.3477174,
              43.7366247
            ],
            [
              -79.3477094,
              43.7366052
            ],
            [
              -79.3477526,
              43.7365939
            ],
            [
              -79.3477042,
              43.736514
            ],
            [
              -79.3474385,
              43.7365707
            ],
            [
              -79.3474199,
              43.7365253
            ],
            [
              -79.3474021,
              43.7365291
            ],
            [
              -79.3473652,
              43.736537
            ],
            [
              -79.347382,
              43.7365781
            ],
            [
              -79.3473217,
              43.7365909
            ],
            [
              -79.3473303,
              43.7366119
            ],
            [
              -79.3469605,
              43.7366909
            ],
            [
              -79.34702,
              43.7368365
            ],
            [
              -79.3475149,
              43.7367308
            ],
            [
              -79.3475159,
              43.7367306
            ],
            [
              -79.3476491,
              43.7367022
            ]
          ]
        ]
      },
      "id": "way/32623919"
    },
    {
      "type": "Feature",
      "properties": {
        "@id": "way/33030174",
        "addr:city": "Toronto",
        "addr:housenumber": "370",
        "addr:province": "Ontario",
        "addr:street": "Broadview Avenue",
        "amenity": "library",
        "building": "yes",
        "built_date": "1910",
        "internet_access": "wlan",
        "internet_access:fee": "no",
        "name": "Toronto Public Library - Riverdale",
        "operator": "Toronto Public Library",
        "operator:short": "TPL",
        "operator:type": "public",
        "operator:wikidata": "Q2901516",
        "operator:wikipedia": "en:Toronto Public Library",
        "source": "yahoo",
        "website": "https://www.torontopubliclibrary.ca/detail.jsp?R=LIB080"
      },
      "geometry": {
        "type": "Polygon",
        "coordinates": [
          [
            [
              -79.3533669,
              43.6659489
            ],
            [
              -79.353325,
              43.6658478
            ],
            [
              -79.3532977,
              43.6657982
            ],
            [
              -79.3532927,
              43.6657693
            ],
            [
              -79.3532754,
              43.6657638
            ],
            [
              -79.3532819,
              43.6657404
            ],
            [
              -79.3532844,
              43.6657203
            ],
            [
              -79.3532756,
              43.6656865
            ],
            [
              -79.3532714,
              43.6656758
            ],
            [
              -79.3533246,
              43.6656647
            ],
            [
              -79.3533094,
              43.6656271
            ],
            [
              -79.3532799,
              43.6655544
            ],
            [
              -79.3532582,
              43.6655383
            ],
            [
              -79.3532299,
              43.6655372
            ],
            [
              -79.3532065,
              43.6655483
            ],
            [
              -79.3531962,
              43.6655703
            ],
            [
              -79.353206,
              43.6655985
            ],
            [
              -79.3530477,
              43.6656351
            ],
            [
              -79.3530525,
              43.6656469
            ],
            [
              -79.3530314,
              43.6656519
            ],
            [
              -79.3530335,
              43.6656576
            ],
            [
              -79.3530105,
              43.6656693
            ],
            [
              -79.3529944,
              43.6656817
            ],
            [
              -79.3529881,
              43.665701
            ],
            [
              -79.3529873,
              43.6657185
            ],
            [
              -79.3529811,
              43.6657193
            ],
            [
              -79.3529899,
              43.6657383
            ],
            [
              -79.3529761,
              43.665741
            ],
            [
              -79.3530193,
              43.6658503
            ],
            [
              -79.3530062,
              43.6658614
            ],
            [
              -79.3529997,
              43.6658763
            ],
            [
              -79.3529964,
              43.6658914
            ],
            [
              -79.3529997,
              43.6659086
            ],
            [
              -79.3530081,
              43.6659239
            ],
            [
              -79.3530237,
              43.6659377
            ],
            [
              -79.3530438,
              43.6659468
            ],
            [
              -79.3530667,
              43.6659495
            ],
            [
              -79.3530915,
              43.666009
            ],
            [
              -79.3533669,
              43.6659489
            ]
          ]
        ]
      },
      "id": "way/33030174"
    },
    {
      "type": "Feature",
      "properties": {
        "@id": "way/33378615",
        "addr:housenumber": "430",
        "addr:postcode": "M9B 2B1",
        "addr:street": "Burnhamthorpe Road",
        "amenity": "library",
        "building": "yes",
        "building:colour": "gray",
        "building:levels": "1",
        "check_date": "2025-05-04",
        "internet_access": "wlan",
        "internet_access:fee": "no",
        "name": "Toronto Public Library - Eatonville",
        "operator": "Toronto Public Library",
        "operator:short": "TPL",
        "operator:type": "public",
        "operator:wikidata": "Q2901516",
        "operator:wikipedia": "en:Toronto Public Library",
        "phone": "+1-416-394-5270",
        "website": "https://www.torontopubliclibrary.ca/detail.jsp?R=LIB041",
        "wikidata": "Q106219092"
      },
      "geometry": {
        "type": "Polygon",
        "coordinates": [
          [
            [
              -79.5595275,
              43.6461495
            ],
            [
              -79.5592069,
              43.6459882
            ],
            [
              -79.5591396,
              43.6459749
            ],
            [
              -79.5590677,
              43.6459803
            ],
            [
              -79.5586752,
              43.6461215
            ],
            [
              -79.5588055,
              43.6462274
            ],
            [
              -79.5587987,
              43.6462295
            ],
            [
              -79.5587986,
              43.6462392
            ],
            [
              -79.5587984,
              43.6462619
            ],
            [
              -79.5588201,
              43.6462579
            ],
            [
              -79.5588301,
              43.6462773
            ],
            [
              -79.5591033,
              43.6462178
            ],
            [
              -79.5591119,
              43.6462331
            ],
            [
              -79.5591217,
              43.6462505
            ],
            [
              -79.5595275,
              43.6461495
            ]
          ]
        ]
      },
      "id": "way/33378615"
    },
    {
      "type": "Feature",
      "properties": {
        "@id": "way/43804577",
        "addr:city": "North York",
        "addr:housenumber": "1565",
        "addr:street": "Lawrence Avenue West",
        "amenity": "library",
        "attribution": "Natural Resources Canada",
        "building": "yes",
        "internet_access": "wlan",
        "internet_access:fee": "no",
        "name": "Toronto Public Library - Amesbury Park",
        "opendata:type": "107009",
        "operator": "Toronto Public Library",
        "operator:short": "TPL",
        "operator:type": "public",
        "operator:wikidata": "Q2901516",
        "operator:wikipedia": "en:Toronto Public Library",
        "source": "CanVec_Import_2009",
        "website": "https://www.torontopubliclibrary.ca/detail.jsp?R=LIB021"
      },
      "geometry": {
        "type": "Polygon",
        "coordinates": [
          [
            [
              -79.4858405,
              43.7063482
            ],
            [
              -79.4856723,
              43.706397
            ],
            [
              -79.4855965,
              43.706372
            ],
            [
              -79.4854826,
              43.706528
            ],
            [
              -79.4856272,
              43.7065879
            ],
            [
              -79.4856645,
              43.7065373
            ],
            [
              -79.4859962,
              43.7064649
            ],
            [
              -79.4860454,
              43.7064019
            ],
            [
              -79.4858587,
              43.7063221
            ],
            [
              -79.4858405,
              43.7063482
            ]
          ]
        ]
      },
      "id": "way/43804577"
    },
    {
      "type": "Feature",
      "properties": {
        "@id": "way/43805159",
        "amenity": "library",
        "building": "university",
        "building:levels": "2",
        "name": "Frost Library",
        "name:fr": "Bibliothèque Frost",
        "operator": "York University",
        "operator:type": "private",
        "source": "CanVec_Import_2009",
        "wikidata": "Q105401064"
      },
      "geometry": {
        "type": "Polygon",
        "coordinates": [
          [
            [
              -79.376328,
              43.727424
            ],
            [
              -79.376476,
              43.727214
            ],
            [
              -79.375994,
              43.727034
            ],
            [
              -79.375845,
              43.727243
            ],
            [
              -79.376328,
              43.727424
            ]
          ]
        ]
      },
      "id": "way/43805159"
    },
    {
      "type": "Feature",
      "properties": {
        "@id": "way/43805391",
        "addr:city": "East York",
        "addr:housenumber": "170",
        "addr:street": "Memorial Park Avenue",
        "amenity": "library",
        "building": "yes",
        "building:levels": "1",
        "internet_access": "wlan",
        "internet_access:fee": "no",
        "name": "Toronto Public Library - S. Walter Stewart",
        "operator": "Toronto Public Library",
        "operator:short": "TPL",
        "operator:type": "public",
        "operator:wikidata": "Q2901516",
        "operator:wikipedia": "en:Toronto Public Library",
        "toilets:wheelchair": "yes",
        "website": "https://www.torontopubliclibrary.ca/detail.jsp?R=LIB017",
        "wheelchair": "yes"
      },
      "geometry": {
        "type": "Polygon",
        "coordinates": [
          [
            [
              -79.3295991,
              43.692332
            ],
            [
              -79.3296271,
              43.6923276
            ],
            [
              -79.329643,
              43.6923056
            ],
            [
              -79.3296924,
              43.6923145
            ],
            [
              -79.329742,
              43.6923125
            ],
            [
              -79.3298078,
              43.6922955
            ],
            [
              -79.3298517,
              43.6922793
            ],
            [
              -79.3298971,
              43.6922287
            ],
            [
              -79.3299247,
              43.6922332
            ],
            [
              -79.3299467,
              43.6922272
            ],
            [
              -79.3299527,
              43.6922232
            ],
            [
              -79.3299597,
              43.6922162
            ],
            [
              -79.3299647,
              43.6922052
            ],
            [
              -79.3299647,
              43.6921942
            ],
            [
              -79.3299597,
              43.6921832
            ],
            [
              -79.3299527,
              43.6921772
            ],
            [
              -79.3299437,
              43.6921712
            ],
            [
              -79.3299367,
              43.6921692
            ],
            [
              -79.3299371,
              43.6921582
            ],
            [
              -79.3299382,
              43.6921325
            ],
            [
              -79.32993,
              43.692103
            ],
            [
              -79.3299101,
              43.6920672
            ],
            [
              -79.3298861,
              43.6920411
            ],
            [
              -79.3298533,
              43.6920169
            ],
            [
              -79.3298158,
              43.6919985
            ],
            [
              -79.3297723,
              43.6919858
            ],
            [
              -79.3297276,
              43.6919783
            ],
            [
              -79.3296812,
              43.6919793
            ],
            [
              -79.3296391,
              43.6919855
            ],
            [
              -79.3295925,
              43.6919974
            ],
            [
              -79.3295589,
              43.6920124
            ],
            [
              -79.3295416,
              43.6920065
            ],
            [
              -79.3295203,
              43.6920053
            ],
            [
              -79.3295035,
              43.6920091
            ],
            [
              -79.3294896,
              43.692018
            ],
            [
              -79.3294828,
              43.6920266
            ],
            [
              -79.3294791,
              43.6920369
            ],
            [
              -79.3294803,
              43.6920495
            ],
            [
              -79.3294854,
              43.692061
            ],
            [
              -79.3294977,
              43.6920712
            ],
            [
              -79.3294759,
              43.692117
            ],
            [
              -79.3294518,
              43.6921136
            ],
            [
              -79.3294262,
              43.6921099
            ],
            [
              -79.3294255,
              43.6921188
            ],
            [
              -79.329422,
              43.692168
            ],
            [
              -79.3294384,
              43.6922238
            ],
            [
              -79.3294751,
              43.6922782
            ],
            [
              -79.3294973,
              43.6922959
            ],
            [
              -79.3295284,
              43.692317
            ],
            [
              -79.3295498,
              43.6923326
            ],
            [
              -79.32956,
              43.6923214
            ],
            [
              -79.3295761,
              43.6923294
            ],
            [
              -79.3295949,
              43.6923315
            ],
            [
              -79.3295991,
              43.692332
            ]
          ]
        ]
      },
      "id": "way/43805391"
    },
    {
      "type": "Feature",
      "properties": {
        "@id": "way/43806248",
        "addr:city": "Toronto",
        "addr:housenumber": "3083",
        "addr:postcode": "M4N 2K7",
        "addr:street": "Yonge Street",
        "amenity": "library",
        "building": "public",
        "built_date": "1949",
        "internet_access": "wlan",
        "internet_access:fee": "no",
        "name": "Toronto Public Library - Locke",
        "operator": "Toronto Public Library",
        "operator:short": "TPL",
        "operator:type": "public",
        "operator:wikidata": "Q2901516",
        "operator:wikipedia": "en:Toronto Public Library",
        "short_name": "Locke",
        "source": "CanVec_Import_2009",
        "website": "https://www.torontopubliclibrary.ca/detail.jsp?R=LIB060",
        "wheelchair": "yes"
      },
      "geometry": {
        "type": "Polygon",
        "coordinates": [
          [
            [
              -79.4018112,
              43.7246159
            ],
            [
              -79.4016809,
              43.7246311
            ],
            [
              -79.4016923,
              43.7246835
            ],
            [
              -79.4015238,
              43.7247009
            ],
            [
              -79.4015536,
              43.7248326
            ],
            [
              -79.4016346,
              43.724824
            ],
            [
              -79.401756,
              43.7248072
            ],
            [
              -79.4017691,
              43.7248781
            ],
            [
              -79.4016875,
              43.7248846
            ],
            [
              -79.4016947,
              43.7249272
            ],
            [
              -79.4016085,
              43.7249371
            ],
            [
              -79.4015858,
              43.7249507
            ],
            [
              -79.4015855,
              43.7249722
            ],
            [
              -79.4016011,
              43.7249907
            ],
            [
              -79.4016276,
              43.7250014
            ],
            [
              -79.4016563,
              43.7249984
            ],
            [
              -79.4016584,
              43.7250336
            ],
            [
              -79.401799,
              43.7250202
            ],
            [
              -79.4018311,
              43.7250218
            ],
            [
              -79.4018497,
              43.7250127
            ],
            [
              -79.4019463,
              43.7249985
            ],
            [
              -79.4019204,
              43.7248634
            ],
            [
              -79.4019089,
              43.7247941
            ],
            [
              -79.4019308,
              43.7247918
            ],
            [
              -79.4019033,
              43.7246581
            ],
            [
              -79.4018204,
              43.7246689
            ],
            [
              -79.4018112,
              43.7246159
            ]
          ]
        ]
      },
      "id": "way/43806248"
    },
    {
      "type": "Feature",
      "properties": {
        "@id": "way/43808635",
        "addr:city": "East York",
        "addr:housenumber": "165",
        "addr:street": "McRae Drive",
        "amenity": "library",
        "building": "yes",
        "building:colour": "red",
        "building:material": "brick",
        "internet_access": "wlan",
        "internet_access:fee": "no",
        "name": "Toronto Public Library - Leaside",
        "operator": "Toronto Public Library",
        "operator:short": "TPL",
        "operator:type": "public",
        "operator:wikidata": "Q2901516",
        "operator:wikipedia": "en:Toronto Public Library",
        "website": "https://www.torontopubliclibrary.ca/detail.jsp?R=LIB059"
      },
      "geometry": {
        "type": "Polygon",
        "coordinates": [
          [
            [
              -79.3678009,
              43.7062757
            ],
            [
              -79.3674676,
              43.7062549
            ],
            [
              -79.3674571,
              43.7063424
            ],
            [
              -79.3674834,
              43.7063442
            ],
            [
              -79.3675334,
              43.7063477
            ],
            [
              -79.3675211,
              43.70641
            ],
            [
              -79.3674989,
              43.7064064
            ],
            [
              -79.3674251,
              43.706643
            ],
            [
              -79.3674663,
              43.7066573
            ],
            [
              -79.3674497,
              43.7067444
            ],
            [
              -79.3675684,
              43.706757
            ],
            [
              -79.3675826,
              43.7066911
            ],
            [
              -79.3676072,
              43.7066982
            ],
            [
              -79.367617,
              43.7066786
            ],
            [
              -79.3676441,
              43.7066804
            ],
            [
              -79.367731,
              43.7064253
            ],
            [
              -79.3677647,
              43.7064289
            ],
            [
              -79.3677685,
              43.706399
            ],
            [
              -79.367773,
              43.7063637
            ],
            [
              -79.3677839,
              43.7063629
            ],
            [
              -79.3678001,
              43.7063616
            ],
            [
              -79.3678009,
              43.7062757
            ]
          ]
        ]
      },
      "id": "way/43808635"
    },
    {
      "type": "Feature",
      "properties": {
        "@id": "way/56423014",
        "addr:city": "North York",
        "addr:housenumber": "1785",
        "addr:street": "Finch Avenue West",
        "amenity": "library",
        "building": "public",
        "internet_access": "wlan",
        "internet_access:fee": "no",
        "name": "Toronto Public Library - York Woods",
        "opendata:type": "107009",
        "opening_hours": "Mo-Fr 09:00-08:30, Sa 09:00-05:00, Su 01:30-05:00",
        "operator": "Toronto Public Library",
        "operator:wikidata": "Q2901516",
        "operator:wikipedia": "en:Toronto Public Library",
        "website": "https://www.torontopubliclibrary.ca/detail.jsp?R=LIB019"
      },
      "geometry": {
        "type": "Polygon",
        "coordinates": [
          [
            [
              -79.507189,
              43.759135
            ],
            [
              -79.507218,
              43.759112
            ],
            [
              -79.507235,
              43.759122
            ],
            [
              -79.507258,
              43.759129
            ],
            [
              -79.50729,
              43.75913
            ],
            [
              -79.50732,
              43.759124
            ],
            [
              -79.507344,
              43.759114
            ],
            [
              -79.507367,
              43.759097
            ],
            [
              -79.507411,
              43.759092
            ],
            [
              -79.507417,
              43.759116
            ],
            [
              -79.507455,
              43.759111
            ],
            [
              -79.507473,
              43.759113
            ],
            [
              -79.507492,
              43.759113
            ],
            [
              -79.507511,
              43.759112
            ],
            [
              -79.507529,
              43.75911
            ],
            [
              -79.507547,
              43.759107
            ],
            [
              -79.507565,
              43.759102
            ],
            [
              -79.507582,
              43.759096
            ],
            [
              -79.507622,
              43.759092
            ],
            [
              -79.507614,
              43.759054
            ],
            [
              -79.50762,
              43.759033
            ],
            [
              -79.507624,
              43.759011
            ],
            [
              -79.507625,
              43.75899
            ],
            [
              -79.507624,
              43.758968
            ],
            [
              -79.50762,
              43.758947
            ],
            [
              -79.507613,
              43.758926
            ],
            [
              -79.507605,
              43.758905
            ],
            [
              -79.507583,
              43.758816
            ],
            [
              -79.50747,
              43.75883
            ],
            [
              -79.507451,
              43.758751
            ],
            [
              -79.507478,
              43.758748
            ],
            [
              -79.507469,
              43.758713
            ],
            [
              -79.507443,
              43.758716
            ],
            [
              -79.507428,
              43.758653
            ],
            [
              -79.50729,
              43.75867
            ],
            [
              -79.507279,
              43.758624
            ],
            [
              -79.50721,
              43.758633
            ],
            [
              -79.507203,
              43.758601
            ],
            [
              -79.507095,
              43.758614
            ],
            [
              -79.507114,
              43.758692
            ],
            [
              -79.507114,
              43.758696
            ],
            [
              -79.507103,
              43.758697
            ],
            [
              -79.50702,
              43.758707
            ],
            [
              -79.507073,
              43.758944
            ],
            [
              -79.507157,
              43.758934
            ],
            [
              -79.507158,
              43.758941
            ],
            [
              -79.507166,
              43.75894
            ],
            [
              -79.507182,
              43.759012
            ],
            [
              -79.507143,
              43.759016
            ],
            [
              -79.507146,
              43.75903
            ],
            [
              -79.507143,
              43.759038
            ],
            [
              -79.50714,
              43.759046
            ],
            [
              -79.507139,
              43.759054
            ],
            [
              -79.507138,
              43.759063
            ],
            [
              -79.507139,
              43.759071
            ],
            [
              -79.507141,
              43.75908
            ],
            [
              -79.507144,
              43.759088
            ],
            [
              -79.507148,
              43.759096
            ],
            [
              -79.507152,
              43.759103
            ],
            [
              -79.507158,
              43.759111
            ],
            [
              -79.507165,
              43.759118
            ],
            [
              -79.507172,
              43.759124
            ],
            [
              -79.50718,
              43.75913
            ],
            [
              -79.507189,
              43.759135
            ]
          ]
        ]
      },
      "id": "way/56423014"
    },
    {
      "type": "Feature",
      "properties": {
        "@id": "way/56758961",
        "addr:city": "Toronto",
        "addr:housenumber": "1806",
        "addr:postcode": "M9P 3N3",
        "addr:street": "Islington Avenue",
        "amenity": "library",
        "building": "public",
        "building:colour": "red",
        "building:levels": "2",
        "building:levels:underground": "1",
        "building:material": "brick",
        "internet_access": "wlan",
        "internet_access:fee": "no",
        "name": "Toronto Public Library - Richview",
        "opendata:type": "107009",
        "opening_hours": "Mo-Fr 09:00-20:30, Sa 09:00-17:00; Su off",
        "operator": "Toronto Public Library",
        "operator:short": "TPL",
        "operator:type": "public",
        "operator:wikidata": "Q2901516",
        "operator:wikipedia": "en:Toronto Public Library",
        "phone": "+1-416-394-5120",
        "source": "http://www.torontopubliclibrary.ca/detail.jsp?R=LIB016",
        "website": "https://www.torontopubliclibrary.ca/detail.jsp?R=LIB016",
        "wheelchair": "yes",
        "wikidata": "Q106218124"
      },
      "geometry": {
        "type": "Polygon",
        "coordinates": [
          [
            [
              -79.5415329,
              43.6835108
            ],
            [
              -79.541501,
              43.6834368
            ],
            [
              -79.5414276,
              43.6834533
            ],
            [
              -79.5413787,
              43.6833401
            ],
            [
              -79.5413184,
              43.6833537
            ],
            [
              -79.5412912,
              43.6832906
            ],
            [
              -79.5412103,
              43.6833089
            ],
            [
              -79.5411781,
              43.6832341
            ],
            [
              -79.5408163,
              43.6833157
            ],
            [
              -79.5408961,
              43.6835006
            ],
            [
              -79.5408596,
              43.6835088
            ],
            [
              -79.5409105,
              43.6836269
            ],
            [
              -79.5410017,
              43.6836063
            ],
            [
              -79.5410057,
              43.6836156
            ],
            [
              -79.5413232,
              43.6835445
            ],
            [
              -79.5413282,
              43.6835562
            ],
            [
              -79.5415329,
              43.6835108
            ]
          ]
        ]
      },
      "id": "way/56758961"
    },
    {
      "type": "Feature",
      "properties": {
        "@id": "way/57198812",
        "addr:city": "Toronto",
        "addr:housenumber": "1675",
        "addr:street": "Danforth Avenue",
        "amenity": "library",
        "building": "yes",
        "internet_access": "wlan",
        "internet_access:fee": "no",
        "name": "Toronto Public Library - Danforth/Coxwell",
        "opendata:type": "107009",
        "operator": "Toronto Public Library",
        "operator:short": "TPL",
        "operator:type": "public",
        "operator:wikidata": "Q2901516",
        "operator:wikipedia": "en:Toronto Public Library",
        "toilets:wheelchair": "yes",
        "website": "https://www.torontopubliclibrary.ca/detail.jsp?R=LIB035",
        "wheelchair": "yes",
        "wikidata": "Q106414392"
      },
      "geometry": {
        "type": "Polygon",
        "coordinates": [
          [
            [
              -79.3212167,
              43.6837181
            ],
            [
              -79.3214232,
              43.6836738
            ],
            [
              -79.3214404,
              43.6836784
            ],
            [
              -79.3214616,
              43.6836766
            ],
            [
              -79.3214791,
              43.6836697
            ],
            [
              -79.3214918,
              43.6836605
            ],
            [
              -79.3216155,
              43.6836345
            ],
            [
              -79.3215689,
              43.6835187
            ],
            [
              -79.3214878,
              43.6835358
            ],
            [
              -79.3214807,
              43.6835182
            ],
            [
              -79.3213446,
              43.6835468
            ],
            [
              -79.321349,
              43.6835577
            ],
            [
              -79.321293,
              43.6835695
            ],
            [
              -79.3213003,
              43.6835875
            ],
            [
              -79.3211746,
              43.683614
            ],
            [
              -79.3212167,
              43.6837181
            ]
          ]
        ]
      },
      "id": "way/57198812"
    },
    {
      "type": "Feature",
      "properties": {
        "@id": "way/58868549",
        "addr:city": "Toronto",
        "addr:housenumber": "239",
        "addr:street": "College Street",
        "amenity": "library",
        "building": "yes",
        "building:colour": "beige",
        "building:levels": "4",
        "building:material": "brick",
        "check_date": "2025-01-30",
        "internet_access": "wlan",
        "internet_access:fee": "no",
        "name": "Toronto Public Library - Lillian H. Smith",
        "note": "Sunday only open September to June",
        "opening_hours": "Mo-Th 09:00-20:30; Sa 09:00-17:00; Su 13:30-17:00; Fr 09:00-20:30",
        "operator": "Toronto Public Library",
        "operator:short": "TPL",
        "operator:type": "public",
        "operator:wikidata": "Q2901516",
        "operator:wikipedia": "en:Toronto Public Library",
        "phone": "+1 4163937746",
        "website": "https://www.torontopubliclibrary.ca/detail.jsp?R=LIB011",
        "wheelchair": "yes"
      },
      "geometry": {
        "type": "Polygon",
        "coordinates": [
          [
            [
              -79.3982425,
              43.6581299
            ],
            [
              -79.3984219,
              43.6580937
            ],
            [
              -79.3986032,
              43.658057
            ],
            [
              -79.3985001,
              43.6577899
            ],
            [
              -79.3981518,
              43.6578602
            ],
            [
              -79.3981393,
              43.6578628
            ],
            [
              -79.3982015,
              43.6580238
            ],
            [
              -79.3982331,
              43.6581057
            ],
            [
              -79.3982425,
              43.6581299
            ]
          ]
        ]
      },
      "id": "way/58868549"
    },
    {
      "type": "Feature",
      "properties": {
        "@id": "way/60510544",
        "addr:city": "Toronto",
        "addr:housenumber": "40",
        "addr:street": "St. Clair Avenue East",
        "amenity": "library",
        "building": "yes",
        "building:colour": "red",
        "building:levels": "3",
        "building:material": "brick",
        "check_date": "2024-08-29",
        "internet_access": "wlan",
        "internet_access:fee": "no",
        "name": "Toronto Public Library - Deer Park",
        "note": "2 levels of offices above library",
        "opening_hours": "Mo-Th 09:00-20:30; Fr-Sa 09:00-17:00; Su off",
        "operator": "Toronto Public Library",
        "operator:short": "TPL",
        "operator:type": "public",
        "operator:wikidata": "Q2901516",
        "operator:wikipedia": "en:Toronto Public Library",
        "website": "https://www.torontopubliclibrary.ca/detail.jsp?R=LIB038",
        "wheelchair": "yes"
      },
      "geometry": {
        "type": "Polygon",
        "coordinates": [
          [
            [
              -79.392345,
              43.6889036
            ],
            [
              -79.3926742,
              43.688834
            ],
            [
              -79.3925653,
              43.6885645
            ],
            [
              -79.3924831,
              43.6885819
            ],
            [
              -79.3924284,
              43.6885934
            ],
            [
              -79.392419,
              43.6885702
            ],
            [
              -79.3922046,
              43.6886155
            ],
            [
              -79.3922461,
              43.6887184
            ],
            [
              -79.3923764,
              43.6886908
            ],
            [
              -79.3923939,
              43.688734
            ],
            [
              -79.3922857,
              43.6887568
            ],
            [
              -79.392345,
              43.6889036
            ]
          ]
        ]
      },
      "id": "way/60510544"
    },
    {
      "type": "Feature",
      "properties": {
        "@id": "way/60510864",
        "addr:city": "Etobicoke",
        "addr:housenumber": "2243",
        "addr:postcode": "M9W 4L5",
        "addr:street": "Kipling Avenue",
        "amenity": "library",
        "building": "civic",
        "building:levels": "1",
        "internet_access": "wlan",
        "internet_access:fee": "no",
        "name": "Toronto Public Library - Rexdale",
        "opendata:type": "107009",
        "opening_hours": "Tu 10:00-18:00; We-Th 12:30-20:30; Fr 10:00-18:00; Sa 09:00-17:00",
        "operator": "Toronto Public Library",
        "operator:short": "TPL",
        "operator:type": "public",
        "operator:wikidata": "Q2901516",
        "operator:wikipedia": "en:Toronto Public Library",
        "phone": "+1-416-394-5200",
        "roof:levels": "0",
        "source": "Bing",
        "toilets": "yes",
        "toilets:access": "yes",
        "website": "https://www.torontopubliclibrary.ca/detail.jsp?R=LIB079"
      },
      "geometry": {
        "type": "Polygon",
        "coordinates": [
          [
            [
              -79.5733473,
              43.7262427
            ],
            [
              -79.5733252,
              43.7261923
            ],
            [
              -79.5733431,
              43.7261807
            ],
            [
              -79.5733499,
              43.7261626
            ],
            [
              -79.5733838,
              43.7261607
            ],
            [
              -79.5733764,
              43.7261354
            ],
            [
              -79.5733524,
              43.7261181
            ],
            [
              -79.573321,
              43.7261101
            ],
            [
              -79.5732859,
              43.7261088
            ],
            [
              -79.573223,
              43.7259796
            ],
            [
              -79.5730913,
              43.7260125
            ],
            [
              -79.573105,
              43.7260426
            ],
            [
              -79.5730545,
              43.7260543
            ],
            [
              -79.5731564,
              43.7262574
            ],
            [
              -79.5732052,
              43.7262454
            ],
            [
              -79.5732212,
              43.7262737
            ],
            [
              -79.5733473,
              43.7262427
            ]
          ]
        ]
      },
      "id": "way/60510864"
    },
    {
      "type": "Feature",
      "properties": {
        "@id": "way/62354191",
        "addr:city": "Toronto",
        "addr:housenumber": "3550",
        "addr:street": "Ellesmere Road",
        "amenity": "library",
        "building": "civic",
        "internet_access": "wlan",
        "internet_access:fee": "no",
        "name": "Toronto Public Library - Highland Creek",
        "operator": "Toronto Public Library",
        "operator:short": "TPL",
        "operator:type": "public",
        "operator:wikidata": "Q2901516",
        "operator:wikipedia": "en:Toronto Public Library",
        "website": "https://www.torontopubliclibrary.ca/detail.jsp?R=LIB050"
      },
      "geometry": {
        "type": "Polygon",
        "coordinates": [
          [
            [
              -79.174974,
              43.790169
            ],
            [
              -79.17514,
              43.790131
            ],
            [
              -79.17515,
              43.790156
            ],
            [
              -79.175261,
              43.790131
            ],
            [
              -79.17523,
              43.790059
            ],
            [
              -79.175242,
              43.790057
            ],
            [
              -79.175248,
              43.790072
            ],
            [
              -79.175412,
              43.790035
            ],
            [
              -79.175339,
              43.789865
            ],
            [
              -79.175173,
              43.789902
            ],
            [
              -79.175183,
              43.789927
            ],
            [
              -79.174969,
              43.789975
            ],
            [
              -79.175001,
              43.790049
            ],
            [
              -79.174929,
              43.790065
            ],
            [
              -79.174974,
              43.790169
            ]
          ]
        ]
      },
      "id": "way/62354191"
    },
    {
      "type": "Feature",
      "properties": {
        "@id": "way/67139530",
        "addr:city": "North York",
        "addr:housenumber": "575",
        "addr:street": "Van Horne Avenue",
        "amenity": "library",
        "building": "civic",
        "building:colour": "brown",
        "building:levels": "1",
        "internet_access": "wlan",
        "internet_access:fee": "no",
        "name": "Toronto Public Library - Pleasant View",
        "opendata:type": "107009",
        "operator": "Toronto Public Library",
        "operator:short": "TPL",
        "operator:type": "public",
        "operator:wikidata": "Q2901516",
        "operator:wikipedia": "en:Toronto Public Library",
        "source": "CanVec 6.0 - NRCan",
        "website": "https://www.torontopubliclibrary.ca/detail.jsp?R=LIB076"
      },
      "geometry": {
        "type": "Polygon",
        "coordinates": [
          [
            [
              -79.335412,
              43.787722
            ],
            [
              -79.335525,
              43.787697
            ],
            [
              -79.335523,
              43.787691
            ],
            [
              -79.335589,
              43.787677
            ],
            [
              -79.335582,
              43.787658
            ],
            [
              -79.335608,
              43.787652
            ],
            [
              -79.335593,
              43.787616
            ],
            [
              -79.33561,
              43.787613
            ],
            [
              -79.335594,
              43.787575
            ],
            [
              -79.335621,
              43.787569
            ],
            [
              -79.335593,
              43.787501
            ],
            [
              -79.335542,
              43.787513
            ],
            [
              -79.335524,
              43.787471
            ],
            [
              -79.335467,
              43.787483
            ],
            [
              -79.335436,
              43.787409
            ],
            [
              -79.335256,
              43.787449
            ],
            [
              -79.335305,
              43.787566
            ],
            [
              -79.335265,
              43.787574
            ],
            [
              -79.33531,
              43.787681
            ],
            [
              -79.33533,
              43.787676
            ],
            [
              -79.335347,
              43.787717
            ],
            [
              -79.335404,
              43.787704
            ],
            [
              -79.335412,
              43.787722
            ]
          ]
        ]
      },
      "id": "way/67139530"
    },
    {
      "type": "Feature",
      "properties": {
        "@id": "way/98231532",
        "addr:city": "Toronto",
        "addr:housenumber": "22",
        "addr:street": "Yorkville Avenue",
        "amenity": "library",
        "building": "yes",
        "building:colour": "beige",
        "building:levels": "1",
        "building:material": "brick",
        "built_date": "1906",
        "description": "former Carnegie library",
        "heritage": "yes",
        "internet_access": "wlan",
        "internet_access:fee": "no",
        "name": "Toronto Public Library - Yorkville",
        "opening_hours": "Mo-Th 09:00-20:30; Fr-Sa 09:00-17:00; Su off",
        "operator": "Toronto Public Library",
        "operator:short": "TPL",
        "operator:type": "public",
        "operator:wikidata": "Q2901516",
        "operator:wikipedia": "en:Toronto Public Library",
        "self_checkout": "yes",
        "website": "https://www.torontopubliclibrary.ca/detail.jsp?R=LIB097",
        "wikidata": "Q105104424",
        "wikipedia": "en:Yorkville Library (Toronto)"
      },
      "geometry": {
        "type": "Polygon",
        "coordinates": [
          [
            [
              -79.3888329,
              43.6721351
            ],
            [
              -79.3887929,
              43.6720359
            ],
            [
              -79.3887322,
              43.6720487
            ],
            [
              -79.3887215,
              43.6720223
            ],
            [
              -79.3887095,
              43.6719924
            ],
            [
              -79.3887722,
              43.6719792
            ],
            [
              -79.388705,
              43.6718124
            ],
            [
              -79.3886229,
              43.6718298
            ],
            [
              -79.3886132,
              43.6718059
            ],
            [
              -79.3885696,
              43.6718151
            ],
            [
              -79.3885319,
              43.671823
            ],
            [
              -79.3885412,
              43.6718459
            ],
            [
              -79.3884645,
              43.6718621
            ],
            [
              -79.3885156,
              43.6719887
            ],
            [
              -79.3885227,
              43.6719872
            ],
            [
              -79.3885432,
              43.6720381
            ],
            [
              -79.3885977,
              43.6720266
            ],
            [
              -79.3886167,
              43.6720738
            ],
            [
              -79.3885666,
              43.6720844
            ],
            [
              -79.3886063,
              43.6721829
            ],
            [
              -79.3888329,
              43.6721351
            ]
          ]
        ]
      },
      "id": "way/98231532"
    },
    {
      "type": "Feature",
      "properties": {
        "@id": "way/101224382",
        "addr:housenumber": "47",
        "addr:street": "Station Road",
        "alt_name": "Mimico Centennial Library",
        "amenity": "library",
        "building": "public",
        "building:colour": "orange",
        "building:levels": "2",
        "building:material": "brick",
        "internet_access": "wlan",
        "internet_access:fee": "no",
        "name": "Toronto Public Library - Mimico Centennial",
        "note": "2 floors on south side, 1 on north",
        "opening_hours": "Tu-We 12:30-20:30; Th-Fr 10:00-18:00; Sa 09:00-17:00",
        "operator": "Toronto Public Library",
        "operator:short": "TPL",
        "operator:type": "public",
        "operator:wikidata": "Q2901516",
        "operator:wikipedia": "en:Toronto Public Library",
        "website": "https://www.torontopubliclibrary.ca/detail.jsp?R=LIB065",
        "wikidata": "Q6862228",
        "wikipedia": "en:List of Carnegie libraries in Canada#Mimico Public Library"
      },
      "geometry": {
        "type": "Polygon",
        "coordinates": [
          [
            [
              -79.4937454,
              43.614978
            ],
            [
              -79.4937516,
              43.6149215
            ],
            [
              -79.4937402,
              43.6149207
            ],
            [
              -79.4937484,
              43.6148615
            ],
            [
              -79.4937499,
              43.6148451
            ],
            [
              -79.493834,
              43.6148504
            ],
            [
              -79.4938373,
              43.6148293
            ],
            [
              -79.4939052,
              43.6148141
            ],
            [
              -79.4939117,
              43.6147415
            ],
            [
              -79.4939376,
              43.6147397
            ],
            [
              -79.4939085,
              43.6146665
            ],
            [
              -79.4938615,
              43.6146771
            ],
            [
              -79.4938543,
              43.6146613
            ],
            [
              -79.4937888,
              43.6146736
            ],
            [
              -79.4937847,
              43.6146566
            ],
            [
              -79.493716,
              43.6146659
            ],
            [
              -79.4937095,
              43.6146484
            ],
            [
              -79.4936116,
              43.614673
            ],
            [
              -79.4936125,
              43.6147192
            ],
            [
              -79.4935437,
              43.6147169
            ],
            [
              -79.4935243,
              43.6148473
            ],
            [
              -79.4935728,
              43.6149704
            ],
            [
              -79.4937454,
              43.614978
            ]
          ]
        ]
      },
      "id": "way/101224382"
    },
    {
      "type": "Feature",
      "properties": {
        "@id": "way/106976143",
        "addr:city": "Toronto",
        "addr:housenumber": "1431",
        "addr:postcode": "M5R 3J2",
        "addr:street": "Bathurst Street",
        "amenity": "library",
        "building": "yes",
        "building:colour": "red",
        "building:levels": "3",
        "building:material": "brick",
        "internet_access": "wlan",
        "internet_access:fee": "no",
        "name": "Toronto Public Library - Wychwood",
        "opening_hours": "Mo-Th 09:00-20:30; Fr-Sa 09:00-17:00",
        "operator": "Toronto Public Library",
        "operator:short": "TPL",
        "operator:type": "public",
        "operator:wikidata": "Q2901516",
        "operator:wikipedia": "en:Toronto Public Library",
        "phone": "+1-416-393-7683",
        "website": "https://www.torontopubliclibrary.ca/wychwood/",
        "wheelchair": "yes"
      },
      "geometry": {
        "type": "Polygon",
        "coordinates": [
          [
            [
              -79.4174705,
              43.6823215
            ],
            [
              -79.4177595,
              43.6822613
            ],
            [
              -79.4177165,
              43.6821509
            ],
            [
              -79.4176334,
              43.6821672
            ],
            [
              -79.4175884,
              43.682176
            ],
            [
              -79.4175787,
              43.6821469
            ],
            [
              -79.4175702,
              43.6821211
            ],
            [
              -79.4175436,
              43.6821033
            ],
            [
              -79.4174933,
              43.6821039
            ],
            [
              -79.4174659,
              43.6821172
            ],
            [
              -79.4174485,
              43.6821364
            ],
            [
              -79.4174476,
              43.6821535
            ],
            [
              -79.4174641,
              43.6822025
            ],
            [
              -79.4174302,
              43.6822117
            ],
            [
              -79.4174705,
              43.6823215
            ]
          ]
        ]
      },
      "id": "way/106976143"
    },
    {
      "type": "Feature",
      "properties": {
        "@id": "way/107772366",
        "addr:city": "York",
        "addr:housenumber": "1745",
        "addr:postcode": "M6E 2H4",
        "addr:street": "Eglinton Avenue West",
        "amenity": "library",
        "building": "public",
        "internet_access": "wlan",
        "internet_access:fee": "no",
        "name": "Toronto Public Library - Maria A. Shchuka",
        "opendata:type": "107009",
        "opening_hours": "Mo-Fr 09:00-20:30; Sa 09:00-17:00; Su 13:30-17:00",
        "operator": "Toronto Public Library",
        "operator:short": "TPL",
        "operator:type": "public",
        "operator:wikidata": "Q2901516",
        "operator:wikipedia": "en:Toronto Public Library",
        "phone": "+14163941000",
        "source": "Bing",
        "website": "https://www.torontopubliclibrary.ca/detail.jsp?R=LIB013"
      },
      "geometry": {
        "type": "Polygon",
        "coordinates": [
          [
            [
              -79.4475329,
              43.6961627
            ],
            [
              -79.4474486,
              43.6959493
            ],
            [
              -79.4470313,
              43.6960354
            ],
            [
              -79.4471169,
              43.6962522
            ],
            [
              -79.4471934,
              43.6962364
            ],
            [
              -79.4471987,
              43.6962499
            ],
            [
              -79.4472446,
              43.6962404
            ],
            [
              -79.4475004,
              43.6961876
            ],
            [
              -79.4474937,
              43.6961708
            ],
            [
              -79.4475329,
              43.6961627
            ]
          ]
        ]
      },
      "id": "way/107772366"
    },
    {
      "type": "Feature",
      "properties": {
        "@id": "way/109492576",
        "addr:city": "Etobicoke",
        "addr:housenumber": "1515",
        "addr:street": "Albion Road",
        "amenity": "library",
        "building": "yes",
        "internet_access": "wlan",
        "internet_access:fee": "no",
        "name": "Toronto Public Library - Albion",
        "opendata:type": "107009",
        "operator": "Toronto Public Library",
        "operator:short": "TPL",
        "operator:type": "public",
        "operator:wikidata": "Q2901516",
        "operator:wikipedia": "en:Toronto Public Library",
        "parking": "surface",
        "source": "Bing",
        "start_date": "2017-06-05",
        "website": "https://www.torontopubliclibrary.ca/detail.jsp?R=LIB04",
        "wikidata": "Q106216464"
      },
      "geometry": {
        "type": "Polygon",
        "coordinates": [
          [
            [
              -79.5850688,
              43.7402061
            ],
            [
              -79.5851357,
              43.7399762
            ],
            [
              -79.5852025,
              43.7397666
            ],
            [
              -79.5845207,
              43.7396631
            ],
            [
              -79.5843746,
              43.7400974
            ],
            [
              -79.5850688,
              43.7402061
            ]
          ]
        ]
      },
      "id": "way/109492576"
    },
    {
      "type": "Feature",
      "properties": {
        "@id": "way/114900396",
        "addr:city": "Toronto",
        "addr:housenumber": "2161",
        "addr:street": "Queen Street East",
        "amenity": "library",
        "building": "yes",
        "internet_access": "wlan",
        "internet_access:fee": "no",
        "name": "Toronto Public Library - Beaches",
        "opening_hours": "Mo-Th 09:00-20:30; Fr-Sa 09:00-17:00; Su 13:30-17:00",
        "operator": "Toronto Public Library",
        "operator:short": "TPL",
        "operator:type": "public",
        "operator:wikidata": "Q2901516",
        "operator:wikipedia": "en:Toronto Public Library",
        "website": "https://www.torontopubliclibrary.ca/detail.jsp?R=LIB025",
        "wheelchair": "yes"
      },
      "geometry": {
        "type": "Polygon",
        "coordinates": [
          [
            [
              -79.2984251,
              43.6702113
            ],
            [
              -79.2984959,
              43.6701953
            ],
            [
              -79.2985621,
              43.6701803
            ],
            [
              -79.298541,
              43.67013
            ],
            [
              -79.298666,
              43.670103
            ],
            [
              -79.298627,
              43.670012
            ],
            [
              -79.298506,
              43.670039
            ],
            [
              -79.2984989,
              43.6700231
            ],
            [
              -79.298482,
              43.669985
            ],
            [
              -79.298343,
              43.670016
            ],
            [
              -79.2983589,
              43.6700538
            ],
            [
              -79.2984099,
              43.6701751
            ],
            [
              -79.2984251,
              43.6702113
            ]
          ]
        ]
      },
      "id": "way/114900396"
    },
    {
      "type": "Feature",
      "properties": {
        "@id": "way/120758351",
        "addr:city": "North York",
        "addr:housenumber": "578",
        "addr:street": "Finch Avenue West",
        "amenity": "library",
        "building": "public",
        "building:levels": "1",
        "internet_access": "wlan",
        "internet_access:fee": "no",
        "name": "Toronto Public Library - Centennial",
        "opendata:type": "107009",
        "operator": "Toronto Public Library",
        "operator:wikidata": "Q2901516",
        "operator:wikipedia": "en:Toronto Public Library",
        "source": "Bing",
        "website": "https://www.torontopubliclibrary.ca/detail.jsp?R=LIB031"
      },
      "geometry": {
        "type": "Polygon",
        "coordinates": [
          [
            [
              -79.4497039,
              43.7731132
            ],
            [
              -79.4497039,
              43.7730832
            ],
            [
              -79.4497646,
              43.7730694
            ],
            [
              -79.4497486,
              43.7730371
            ],
            [
              -79.4497741,
              43.7730256
            ],
            [
              -79.4497263,
              43.7729288
            ],
            [
              -79.4496976,
              43.7729311
            ],
            [
              -79.4496561,
              43.772809
            ],
            [
              -79.4495891,
              43.7728321
            ],
            [
              -79.449538,
              43.7728182
            ],
            [
              -79.4494806,
              43.7728251
            ],
            [
              -79.4494454,
              43.7728597
            ],
            [
              -79.4493912,
              43.7728735
            ],
            [
              -79.4494391,
              43.7729864
            ],
            [
              -79.4494582,
              43.7729818
            ],
            [
              -79.4494837,
              43.7730256
            ],
            [
              -79.4495061,
              43.7730256
            ],
            [
              -79.4495316,
              43.7731247
            ],
            [
              -79.4495603,
              43.7731224
            ],
            [
              -79.4495667,
              43.7731455
            ],
            [
              -79.4497039,
              43.7731132
            ]
          ]
        ]
      },
      "id": "way/120758351"
    },
    {
      "type": "Feature",
      "properties": {
        "@id": "way/122320057",
        "addr:city": "Scarborough",
        "addr:housenumber": "155",
        "addr:street": "Bonis Avenue",
        "amenity": "library",
        "building": "yes",
        "internet_access": "wlan",
        "internet_access:fee": "no",
        "name": "Toronto Public Library - Agincourt",
        "opendata:type": "107009",
        "operator": "Toronto Public Library",
        "operator:short": "TPL",
        "operator:type": "public",
        "operator:wikidata": "Q2901516",
        "operator:wikipedia": "en:Toronto Public Library",
        "website": "https://www.torontopubliclibrary.ca/detail.jsp?R=LIB02",
        "wheelchair": "yes",
        "wikidata": "Q57560771"
      },
      "geometry": {
        "type": "Polygon",
        "coordinates": [
          [
            [
              -79.293434,
              43.78553
            ],
            [
              -79.293443,
              43.785526
            ],
            [
              -79.293463,
              43.785516
            ],
            [
              -79.293479,
              43.785506
            ],
            [
              -79.293501,
              43.785489
            ],
            [
              -79.29352,
              43.785469
            ],
            [
              -79.293538,
              43.785449
            ],
            [
              -79.293564,
              43.785414
            ],
            [
              -79.293558,
              43.785401
            ],
            [
              -79.293759,
              43.785058
            ],
            [
              -79.293751,
              43.785055
            ],
            [
              -79.293742,
              43.785031
            ],
            [
              -79.293733,
              43.785033
            ],
            [
              -79.29373,
              43.785024
            ],
            [
              -79.293781,
              43.785013
            ],
            [
              -79.293791,
              43.785011
            ],
            [
              -79.293771,
              43.784963
            ],
            [
              -79.29373,
              43.784972
            ],
            [
              -79.293367,
              43.785052
            ],
            [
              -79.293359,
              43.785033
            ],
            [
              -79.293286,
              43.785049
            ],
            [
              -79.293294,
              43.785068
            ],
            [
              -79.293203,
              43.785088
            ],
            [
              -79.293205,
              43.785094
            ],
            [
              -79.293197,
              43.785096
            ],
            [
              -79.293219,
              43.785149
            ],
            [
              -79.293287,
              43.785134
            ],
            [
              -79.29329,
              43.785139
            ],
            [
              -79.293195,
              43.785164
            ],
            [
              -79.29321,
              43.785192
            ],
            [
              -79.293216,
              43.785191
            ],
            [
              -79.293304,
              43.785167
            ],
            [
              -79.293329,
              43.785213
            ],
            [
              -79.293244,
              43.785232
            ],
            [
              -79.293274,
              43.785302
            ],
            [
              -79.293301,
              43.785367
            ],
            [
              -79.293328,
              43.785432
            ],
            [
              -79.293324,
              43.785433
            ],
            [
              -79.293352,
              43.785499
            ],
            [
              -79.293372,
              43.785495
            ],
            [
              -79.29337,
              43.7855
            ],
            [
              -79.293369,
              43.785506
            ],
            [
              -79.293371,
              43.785512
            ],
            [
              -79.293374,
              43.785516
            ],
            [
              -79.293381,
              43.785521
            ],
            [
              -79.293389,
              43.785524
            ],
            [
              -79.293396,
              43.785526
            ],
            [
              -79.293404,
              43.785525
            ],
            [
              -79.293411,
              43.785524
            ],
            [
              -79.293416,
              43.785522
            ],
            [
              -79.293422,
              43.785519
            ],
            [
              -79.293424,
              43.785516
            ],
            [
              -79.293434,
              43.78553
            ]
          ]
        ]
      },
      "id": "way/122320057"
    },
    {
      "type": "Feature",
      "properties": {
        "@id": "way/138155410",
        "addr:city": "York",
        "addr:housenumber": "620",
        "addr:street": "Jane Street",
        "amenity": "library",
        "building": "commercial",
        "building:levels": "1",
        "check_date": "2025-05-04",
        "internet_access": "wlan",
        "internet_access:fee": "no",
        "name": "Toronto Public Library - Daniel G. Hill",
        "opendata:type": "107009",
        "operator": "Toronto Public Library",
        "operator:short": "TPL",
        "operator:type": "public",
        "operator:wikidata": "Q2901516",
        "operator:wikipedia": "en:Toronto Public Library",
        "source": "Bing",
        "website": "https://www.torontopubliclibrary.ca/detail.jsp?R=LIB055"
      },
      "geometry": {
        "type": "Polygon",
        "coordinates": [
          [
            [
              -79.4916644,
              43.6655612
            ],
            [
              -79.4916384,
              43.6654952
            ],
            [
              -79.4916504,
              43.6654952
            ],
            [
              -79.4916074,
              43.6653912
            ],
            [
              -79.4915944,
              43.6653922
            ],
            [
              -79.4915934,
              43.6653962
            ],
            [
              -79.4912274,
              43.6653902
            ],
            [
              -79.4912824,
              43.6655182
            ],
            [
              -79.4913204,
              43.6655212
            ],
            [
              -79.4913314,
              43.6655562
            ],
            [
              -79.4916644,
              43.6655612
            ]
          ]
        ]
      },
      "id": "way/138155410"
    },
    {
      "type": "Feature",
      "properties": {
        "@id": "way/139204812",
        "addr:city": "Etobicoke",
        "addr:housenumber": "3500",
        "addr:street": "Lake Shore Boulevard West",
        "amenity": "library",
        "building": "public",
        "check_date": "2025-05-19",
        "internet_access": "wlan",
        "internet_access:fee": "no",
        "name": "Toronto Public Library - Long Branch",
        "operator": "Toronto Public Library",
        "operator:short": "TPL",
        "operator:type": "public",
        "operator:wikidata": "Q2901516",
        "operator:wikipedia": "en:Toronto Public Library",
        "website": "https://www.torontopubliclibrary.ca/detail.jsp?R=LIB061"
      },
      "geometry": {
        "type": "Polygon",
        "coordinates": [
          [
            [
              -79.5312984,
              43.5954592
            ],
            [
              -79.5313426,
              43.5954752
            ],
            [
              -79.5314278,
              43.5954534
            ],
            [
              -79.5314386,
              43.5954294
            ],
            [
              -79.5314103,
              43.5953658
            ],
            [
              -79.5314262,
              43.5953621
            ],
            [
              -79.5314105,
              43.5953268
            ],
            [
              -79.5314873,
              43.5953088
            ],
            [
              -79.5314939,
              43.5953234
            ],
            [
              -79.5317208,
              43.5952704
            ],
            [
              -79.5316656,
              43.5951466
            ],
            [
              -79.5312732,
              43.5952384
            ],
            [
              -79.5312304,
              43.5952484
            ],
            [
              -79.5312471,
              43.5952859
            ],
            [
              -79.5312861,
              43.5953733
            ],
            [
              -79.5312626,
              43.5953788
            ],
            [
              -79.5312984,
              43.5954592
            ]
          ]
        ]
      },
      "id": "way/139204812"
    },
    {
      "type": "Feature",
      "properties": {
        "@id": "way/155157720",
        "addr:housenumber": "20",
        "addr:street": "Covington Road",
        "amenity": "library",
        "building": "public",
        "internet_access": "wlan",
        "internet_access:fee": "no",
        "name": "Toronto Public Library - Barbara Frum",
        "operator": "Toronto Public Library",
        "operator:short": "TPL",
        "operator:type": "public",
        "operator:wikidata": "Q2901516",
        "operator:wikipedia": "en:Toronto Public Library",
        "website": "https://www.torontopubliclibrary.ca/detail.jsp?R=LIB05",
        "wheelchair": "yes"
      },
      "geometry": {
        "type": "Polygon",
        "coordinates": [
          [
            [
              -79.432028,
              43.720941
            ],
            [
              -79.432435,
              43.720853
            ],
            [
              -79.432339,
              43.720618
            ],
            [
              -79.432207,
              43.720646
            ],
            [
              -79.432218,
              43.720672
            ],
            [
              -79.432213,
              43.720673
            ],
            [
              -79.432212,
              43.720671
            ],
            [
              -79.432196,
              43.720675
            ],
            [
              -79.432197,
              43.720677
            ],
            [
              -79.432184,
              43.720679
            ],
            [
              -79.432186,
              43.720684
            ],
            [
              -79.432108,
              43.7207
            ],
            [
              -79.432106,
              43.720695
            ],
            [
              -79.432095,
              43.720698
            ],
            [
              -79.432094,
              43.720695
            ],
            [
              -79.432078,
              43.720698
            ],
            [
              -79.432079,
              43.720701
            ],
            [
              -79.432075,
              43.720702
            ],
            [
              -79.432065,
              43.720677
            ],
            [
              -79.431931,
              43.720705
            ],
            [
              -79.432028,
              43.720941
            ]
          ]
        ]
      },
      "id": "way/155157720"
    },
    {
      "type": "Feature",
      "properties": {
        "@id": "way/158461549",
        "addr:housenumber": "2",
        "addr:street": "Elmbrook Cres.",
        "amenity": "library",
        "building": "public",
        "internet_access": "wlan",
        "internet_access:fee": "no",
        "name": "Toronto Public Library - Elmbrook Park",
        "opening_hours": "Mo off; Tu 10:00-18:00; We-Th 12:30-20:30; Fr 10:00-18:00; Sa 09:00-17:00; Su off",
        "operator": "Toronto Public Library",
        "operator:short": "TPL",
        "operator:type": "public",
        "operator:wikidata": "Q2901516",
        "operator:wikipedia": "en:Toronto Public Library",
        "website": "https://www.torontopubliclibrary.ca/detail.jsp?R=LIB043"
      },
      "geometry": {
        "type": "Polygon",
        "coordinates": [
          [
            [
              -79.5840135,
              43.6600321
            ],
            [
              -79.5839666,
              43.6600439
            ],
            [
              -79.5839534,
              43.6600165
            ],
            [
              -79.5838302,
              43.6600475
            ],
            [
              -79.5838437,
              43.6600756
            ],
            [
              -79.5836996,
              43.6601119
            ],
            [
              -79.583759,
              43.6602351
            ],
            [
              -79.5840731,
              43.6601559
            ],
            [
              -79.5840135,
              43.6600321
            ]
          ]
        ]
      },
      "id": "way/158461549"
    },
    {
      "type": "Feature",
      "properties": {
        "@id": "way/160406306",
        "addr:city": "North York",
        "addr:housenumber": "210",
        "addr:street": "Brookbanks Drive",
        "amenity": "library",
        "building": "yes",
        "internet_access": "wlan",
        "internet_access:fee": "no",
        "name": "Toronto Public Library - Brookbanks",
        "opendata:type": "107009",
        "operator": "Toronto Public Library",
        "operator:short": "TPL",
        "operator:type": "public",
        "operator:wikidata": "Q2901516",
        "operator:wikipedia": "en:Toronto Public Library",
        "website": "https://www.torontopubliclibrary.ca/detail.jsp?R=LIB029",
        "wheelchair": "yes"
      },
      "geometry": {
        "type": "Polygon",
        "coordinates": [
          [
            [
              -79.325784,
              43.759689
            ],
            [
              -79.325871,
              43.759636
            ],
            [
              -79.325949,
              43.759668
            ],
            [
              -79.326045,
              43.75961
            ],
            [
              -79.325993,
              43.759564
            ],
            [
              -79.326092,
              43.759505
            ],
            [
              -79.325957,
              43.759388
            ],
            [
              -79.325867,
              43.759409
            ],
            [
              -79.325724,
              43.759496
            ],
            [
              -79.32573,
              43.759501
            ],
            [
              -79.325745,
              43.759497
            ],
            [
              -79.325784,
              43.759531
            ],
            [
              -79.325712,
              43.759574
            ],
            [
              -79.325714,
              43.759576
            ],
            [
              -79.325679,
              43.759597
            ],
            [
              -79.325784,
              43.759689
            ]
          ]
        ]
      },
      "id": "way/160406306"
    },
    {
      "type": "Feature",
      "properties": {
        "@id": "way/161508111",
        "addr:city": "Toronto",
        "addr:housenumber": "1303",
        "addr:street": "Queen Street West",
        "amenity": "library",
        "building": "public",
        "building:levels": "1",
        "check_date": "2025-05-24",
        "internet_access": "wlan",
        "internet_access:fee": "no",
        "name": "Toronto Public Library - Parkdale",
        "opening_hours": "Mo-Fr 09:00-20:30; Sa 09:00-17:00; Su 13:30-17:00",
        "operator": "Toronto Public Library",
        "operator:short": "TPL",
        "operator:type": "public",
        "operator:wikidata": "Q2901516",
        "operator:wikipedia": "en:Toronto Public Library",
        "website": "https://www.torontopubliclibrary.ca/detail.jsp?R=LIB073"
      },
      "geometry": {
        "type": "Polygon",
        "coordinates": [
          [
            [
              -79.432887,
              43.6412096
            ],
            [
              -79.4328512,
              43.6411126
            ],
            [
              -79.4328725,
              43.6411085
            ],
            [
              -79.4328112,
              43.6409423
            ],
            [
              -79.4323548,
              43.6410305
            ],
            [
              -79.4324186,
              43.6412034
            ],
            [
              -79.4324426,
              43.6411987
            ],
            [
              -79.4324769,
              43.6412917
            ],
            [
              -79.4325735,
              43.6412731
            ],
            [
              -79.4325954,
              43.6413324
            ],
            [
              -79.4327264,
              43.6413071
            ],
            [
              -79.4327153,
              43.641277
            ],
            [
              -79.4327329,
              43.6412736
            ],
            [
              -79.4327212,
              43.6412417
            ],
            [
              -79.432887,
              43.6412096
            ]
          ]
        ]
      },
      "id": "way/161508111"
    },
    {
      "type": "Feature",
      "properties": {
        "@id": "way/184503739",
        "addr:city": "Toronto",
        "addr:housenumber": "269",
        "addr:province": "Ontario",
        "addr:street": "Gerrard Street East",
        "amenity": "library",
        "building": "yes",
        "internet_access": "wlan",
        "internet_access:fee": "no",
        "name": "Toronto Public Library - Parliament Street",
        "opening_hours": "Mo-Fr 09:00-20:30; Sa 09:00-17:00; Su 13:30-17:00",
        "operator": "Toronto Public Library",
        "operator:short": "TPL",
        "operator:type": "public",
        "operator:wikidata": "Q2901516",
        "operator:wikipedia": "en:Toronto Public Library",
        "phone": "+1-416-393-7663",
        "source": "Bing",
        "website": "https://www.torontopubliclibrary.ca/detail.jsp?R=LIB074"
      },
      "geometry": {
        "type": "Polygon",
        "coordinates": [
          [
            [
              -79.3677049,
              43.661895
            ],
            [
              -79.3677536,
              43.6618846
            ],
            [
              -79.3677651,
              43.6619127
            ],
            [
              -79.3678978,
              43.6618844
            ],
            [
              -79.3679057,
              43.661904
            ],
            [
              -79.3678979,
              43.6619066
            ],
            [
              -79.3678901,
              43.6619107
            ],
            [
              -79.3678858,
              43.6619156
            ],
            [
              -79.3678843,
              43.6619222
            ],
            [
              -79.3678855,
              43.6619281
            ],
            [
              -79.3678899,
              43.6619337
            ],
            [
              -79.3678985,
              43.6619382
            ],
            [
              -79.3679181,
              43.6619435
            ],
            [
              -79.3679504,
              43.6619522
            ],
            [
              -79.3679482,
              43.6619568
            ],
            [
              -79.3679587,
              43.6619595
            ],
            [
              -79.367956,
              43.6619651
            ],
            [
              -79.3679841,
              43.6619717
            ],
            [
              -79.3679972,
              43.6619709
            ],
            [
              -79.3680056,
              43.6619667
            ],
            [
              -79.3680095,
              43.6619598
            ],
            [
              -79.3680052,
              43.6619495
            ],
            [
              -79.368022,
              43.6619457
            ],
            [
              -79.3680261,
              43.6619558
            ],
            [
              -79.3681416,
              43.6619312
            ],
            [
              -79.3681378,
              43.6619224
            ],
            [
              -79.3681674,
              43.6619161
            ],
            [
              -79.3681791,
              43.6619465
            ],
            [
              -79.3682066,
              43.661941
            ],
            [
              -79.368226,
              43.6619371
            ],
            [
              -79.3682717,
              43.6619279
            ],
            [
              -79.3682404,
              43.6618465
            ],
            [
              -79.3682639,
              43.6618415
            ],
            [
              -79.3682505,
              43.6618085
            ],
            [
              -79.3682373,
              43.6617761
            ],
            [
              -79.3682286,
              43.661778
            ],
            [
              -79.368226,
              43.6617717
            ],
            [
              -79.3682231,
              43.6617645
            ],
            [
              -79.3682138,
              43.6617417
            ],
            [
              -79.3682112,
              43.6617354
            ],
            [
              -79.3680888,
              43.6617615
            ],
            [
              -79.3680754,
              43.6617644
            ],
            [
              -79.3680478,
              43.6616967
            ],
            [
              -79.3678394,
              43.6617412
            ],
            [
              -79.3678282,
              43.6617138
            ],
            [
              -79.3676956,
              43.6617421
            ],
            [
              -79.3677045,
              43.6617638
            ],
            [
              -79.3676883,
              43.6617673
            ],
            [
              -79.3676913,
              43.6617746
            ],
            [
              -79.3676588,
              43.6617815
            ],
            [
              -79.3676688,
              43.6618062
            ],
            [
              -79.3676487,
              43.6618097
            ],
            [
              -79.3676387,
              43.6618139
            ],
            [
              -79.3676321,
              43.6618202
            ],
            [
              -79.3676246,
              43.6618353
            ],
            [
              -79.3676222,
              43.6618409
            ],
            [
              -79.3676232,
              43.6618469
            ],
            [
              -79.3676253,
              43.6618524
            ],
            [
              -79.3676309,
              43.6618574
            ],
            [
              -79.3676764,
              43.6618723
            ],
            [
              -79.3676855,
              43.6618735
            ],
            [
              -79.3676959,
              43.6618728
            ],
            [
              -79.3677049,
              43.661895
            ]
          ]
        ]
      },
      "id": "way/184503739"
    },
    {
      "type": "Feature",
      "properties": {
        "@id": "way/184855747",
        "addr:city": "Toronto",
        "addr:housenumber": "1515",
        "addr:street": "Danforth Road",
        "amenity": "library",
        "building": "yes",
        "internet_access": "wlan",
        "internet_access:fee": "no",
        "name": "Toronto Public Library - Bendale",
        "opendata:type": "107009",
        "operator": "Toronto Public Library",
        "operator:short": "TPL",
        "operator:type": "public",
        "operator:wikidata": "Q2901516",
        "operator:wikipedia": "en:Toronto Public Library",
        "website": "https://www.torontopubliclibrary.ca/detail.jsp?R=LIB026"
      },
      "geometry": {
        "type": "Polygon",
        "coordinates": [
          [
            [
              -79.244091,
              43.751236
            ],
            [
              -79.244129,
              43.751206
            ],
            [
              -79.244132,
              43.751203
            ],
            [
              -79.244134,
              43.7512
            ],
            [
              -79.244136,
              43.751196
            ],
            [
              -79.244137,
              43.751192
            ],
            [
              -79.244137,
              43.751186
            ],
            [
              -79.244135,
              43.751182
            ],
            [
              -79.244128,
              43.751164
            ],
            [
              -79.244086,
              43.751064
            ],
            [
              -79.244121,
              43.751056
            ],
            [
              -79.244125,
              43.751054
            ],
            [
              -79.244129,
              43.751052
            ],
            [
              -79.244134,
              43.751049
            ],
            [
              -79.244138,
              43.751045
            ],
            [
              -79.244141,
              43.751039
            ],
            [
              -79.244142,
              43.751034
            ],
            [
              -79.244141,
              43.750985
            ],
            [
              -79.244101,
              43.750986
            ],
            [
              -79.244057,
              43.750995
            ],
            [
              -79.244038,
              43.750948
            ],
            [
              -79.243895,
              43.75098
            ],
            [
              -79.243985,
              43.751195
            ],
            [
              -79.244044,
              43.751182
            ],
            [
              -79.244057,
              43.751213
            ],
            [
              -79.244091,
              43.751236
            ]
          ]
        ]
      },
      "id": "way/184855747"
    },
    {
      "type": "Feature",
      "properties": {
        "@id": "way/188117081",
        "addr:city": "North York",
        "addr:housenumber": "2793",
        "addr:street": "Keele Street",
        "amenity": "library",
        "building": "public",
        "internet_access": "wlan",
        "internet_access:fee": "no",
        "name": "Toronto Public Library - Downsview",
        "opendata:type": "107009",
        "operator": "Toronto Public Library",
        "operator:short": "TPL",
        "operator:type": "public",
        "operator:wikidata": "Q2901516",
        "operator:wikipedia": "en:Toronto Public Library",
        "source": "Bing",
        "website": "https://www.torontopubliclibrary.ca/detail.jsp?R=LIB039"
      },
      "geometry": {
        "type": "Polygon",
        "coordinates": [
          [
            [
              -79.4818896,
              43.7289729
            ],
            [
              -79.4819472,
              43.728962
            ],
            [
              -79.4819672,
              43.7290072
            ],
            [
              -79.4820248,
              43.7289982
            ],
            [
              -79.4820348,
              43.7290217
            ],
            [
              -79.4821249,
              43.7290054
            ],
            [
              -79.4821149,
              43.7289801
            ],
            [
              -79.4823077,
              43.7289385
            ],
            [
              -79.4821825,
              43.7286129
            ],
            [
              -79.4820359,
              43.7286455
            ],
            [
              -79.4820405,
              43.7286215
            ],
            [
              -79.4820248,
              43.7285958
            ],
            [
              -79.4819972,
              43.7285875
            ],
            [
              -79.4819483,
              43.7285958
            ],
            [
              -79.4819322,
              43.7286129
            ],
            [
              -79.4819257,
              43.7286445
            ],
            [
              -79.4818773,
              43.7286587
            ],
            [
              -79.4818818,
              43.7286757
            ],
            [
              -79.4817794,
              43.7287015
            ],
            [
              -79.4818896,
              43.7289729
            ]
          ]
        ]
      },
      "id": "way/188117081"
    },
    {
      "type": "Feature",
      "properties": {
        "@id": "way/204346848",
        "addr:city": "Toronto",
        "addr:housenumber": "10",
        "addr:postcode": "M5R 2S7",
        "addr:street": "Spadina Road",
        "amenity": "library",
        "building": "yes",
        "internet_access": "wlan",
        "internet_access:fee": "no",
        "name": "Toronto Public Library - Spadina Road",
        "operator": "Toronto Public Library",
        "operator:short": "TPL",
        "operator:type": "public",
        "operator:wikidata": "Q2901516",
        "operator:wikipedia": "en:Toronto Public Library",
        "website": "https://www.torontopubliclibrary.ca/detail.jsp?R=LIB086",
        "wheelchair": "yes"
      },
      "geometry": {
        "type": "Polygon",
        "coordinates": [
          [
            [
              -79.4047864,
              43.6675625
            ],
            [
              -79.4044521,
              43.6676314
            ],
            [
              -79.4045059,
              43.6677679
            ],
            [
              -79.4046419,
              43.6677399
            ],
            [
              -79.4046314,
              43.6677133
            ],
            [
              -79.4048297,
              43.6676724
            ],
            [
              -79.4047864,
              43.6675625
            ]
          ]
        ]
      },
      "id": "way/204346848"
    },
    {
      "type": "Feature",
      "properties": {
        "@id": "way/213917634",
        "addr:city": "Toronto",
        "addr:housenumber": "2178",
        "addr:street": "Bloor Street West",
        "amenity": "library",
        "building": "public",
        "check_date": "2025-05-07",
        "internet_access": "wlan",
        "internet_access:fee": "no",
        "name": "Toronto Public Library - Runnymede",
        "operator": "Toronto Public Library",
        "operator:short": "TPL",
        "operator:type": "public",
        "operator:wikidata": "Q2901516",
        "operator:wikipedia": "en:Toronto Public Library",
        "phone": "+1-416-393-7697",
        "ref:isil": "OCLC-TOH",
        "source": "local knowledge",
        "website": "https://www.torontopubliclibrary.ca/detail.jsp?R=LIB081",
        "wheelchair": "yes",
        "wikidata": "Q56613138"
      },
      "geometry": {
        "type": "Polygon",
        "coordinates": [
          [
            [
              -79.4737276,
              43.6518411
            ],
            [
              -79.4737694,
              43.6519381
            ],
            [
              -79.4737884,
              43.6519338
            ],
            [
              -79.4738606,
              43.6521401
            ],
            [
              -79.4739655,
              43.6521345
            ],
            [
              -79.4739843,
              43.6521681
            ],
            [
              -79.4740351,
              43.6521589
            ],
            [
              -79.4740207,
              43.6521301
            ],
            [
              -79.4741141,
              43.6521058
            ],
            [
              -79.4740432,
              43.6520255
            ],
            [
              -79.4740679,
              43.6520199
            ],
            [
              -79.4740525,
              43.6519842
            ],
            [
              -79.474045,
              43.6519861
            ],
            [
              -79.4739987,
              43.6518757
            ],
            [
              -79.4740226,
              43.6518695
            ],
            [
              -79.4739853,
              43.651783
            ],
            [
              -79.4737276,
              43.6518411
            ]
          ]
        ]
      },
      "id": "way/213917634"
    },
    {
      "type": "Feature",
      "properties": {
        "@id": "way/225299611",
        "addr:housenumber": "1101",
        "addr:street": "Bloor Street West",
        "amenity": "library",
        "building": "public",
        "building:levels": "2",
        "built_date": "1913",
        "internet_access": "wlan",
        "internet_access:fee": "no",
        "name": "Toronto Public Library - Bloor/Gladstone",
        "old_name": "Dovercourt Branch",
        "operator": "Toronto Public Library",
        "operator:short": "TPL",
        "operator:type": "public",
        "operator:wikidata": "Q2901516",
        "operator:wikipedia": "en:Toronto Public Library",
        "source": "Contains public sector Datasets made available under the City of Toronto's Open Data License v2.0.",
        "website": "https://www.torontopubliclibrary.ca/detail.jsp?R=LIB06",
        "wikidata": "Q4928400",
        "wikipedia": "en:Bloor/Gladstone Library"
      },
      "geometry": {
        "type": "Polygon",
        "coordinates": [
          [
            [
              -79.434426,
              43.6599483
            ],
            [
              -79.4343329,
              43.6597218
            ],
            [
              -79.4342957,
              43.6597298
            ],
            [
              -79.4343083,
              43.6597604
            ],
            [
              -79.4338239,
              43.6598647
            ],
            [
              -79.4339079,
              43.6600689
            ],
            [
              -79.4340619,
              43.6600357
            ],
            [
              -79.4342436,
              43.6599966
            ],
            [
              -79.4342337,
              43.6599725
            ],
            [
              -79.4342564,
              43.6599676
            ],
            [
              -79.4342629,
              43.6599834
            ],
            [
              -79.434426,
              43.6599483
            ]
          ]
        ]
      },
      "id": "way/225299611"
    },
    {
      "type": "Feature",
      "properties": {
        "@id": "way/225520135",
        "addr:city": "Toronto",
        "addr:housenumber": "145",
        "addr:postcode": "M6P 1P3",
        "addr:street": "Annette Street",
        "amenity": "library",
        "building": "public",
        "internet_access": "wlan",
        "internet_access:fee": "no",
        "name": "Toronto Public Library - Annette Street",
        "operator": "Toronto Public Library",
        "operator:short": "TPL",
        "operator:type": "public",
        "operator:wikidata": "Q2901516",
        "operator:wikipedia": "en:Toronto Public Library",
        "website": "https://www.torontopubliclibrary.ca/detail.jsp?R=LIB022"
      },
      "geometry": {
        "type": "Polygon",
        "coordinates": [
          [
            [
              -79.4662291,
              43.6633931
            ],
            [
              -79.4663023,
              43.6633762
            ],
            [
              -79.4663128,
              43.6634001
            ],
            [
              -79.4663696,
              43.6633878
            ],
            [
              -79.4664174,
              43.663376
            ],
            [
              -79.4664079,
              43.6633543
            ],
            [
              -79.4664892,
              43.6633356
            ],
            [
              -79.4664845,
              43.663325
            ],
            [
              -79.4665715,
              43.663305
            ],
            [
              -79.4665098,
              43.6631651
            ],
            [
              -79.4664182,
              43.6631862
            ],
            [
              -79.4664277,
              43.6632078
            ],
            [
              -79.466382,
              43.6632183
            ],
            [
              -79.4663758,
              43.6632044
            ],
            [
              -79.4662141,
              43.6632416
            ],
            [
              -79.4662192,
              43.6632532
            ],
            [
              -79.4661722,
              43.663264
            ],
            [
              -79.4662291,
              43.6633931
            ]
          ]
        ]
      },
      "id": "way/225520135"
    },
    {
      "type": "Feature",
      "properties": {
        "@id": "way/229485043",
        "addr:city": "Toronto",
        "addr:housenumber": "190",
        "addr:postcode": "M5V 0E7",
        "addr:street": "Fort York Boulevard",
        "amenity": "library",
        "building": "yes",
        "building:levels": "2",
        "description": "General Features\n    Book Drop - 24 Hours\n    Express Checkout\n    Reading Terrace\n    Seating for 119\n    Teen Zone\nSunday hours are September to June only.",
        "name": "Toronto Public Library - Fort York",
        "opening_hours": "Mo-Th 09:00-20:30; Fr, Sa 09:00-17:00; Su 13:30-17:00",
        "operator": "Toronto Public Library",
        "operator:short": "TPL",
        "operator:type": "public",
        "operator:wikidata": "Q2901516",
        "phone": "+1-416-393-6240",
        "short_name": "Fort York Library",
        "toilets:wheelchair": "yes",
        "website": "https://www.torontopubliclibrary.ca/detail.jsp?R=LIB140",
        "wheelchair": "yes"
      },
      "geometry": {
        "type": "Polygon",
        "coordinates": [
          [
            [
              -79.4001119,
              43.6391405
            ],
            [
              -79.4002583,
              43.6394034
            ],
            [
              -79.4005719,
              43.6392519
            ],
            [
              -79.4004552,
              43.639065
            ],
            [
              -79.4001756,
              43.6391431
            ],
            [
              -79.4001119,
              43.6391405
            ]
          ]
        ]
      },
      "id": "way/229485043"
    },
    {
      "type": "Feature",
      "properties": {
        "@id": "way/245518897",
        "addr:city": "York",
        "addr:housenumber": "120",
        "addr:street": "Trowell Avenue",
        "amenity": "library",
        "building": "public",
        "internet_access": "wlan",
        "internet_access:fee": "no",
        "name": "Toronto Public Library - Evelyn Gregory",
        "opendata:type": "107009",
        "operator": "Toronto Public Library",
        "operator:short": "TPL",
        "operator:type": "public",
        "operator:wikidata": "Q2901516",
        "operator:wikipedia": "en:Toronto Public Library",
        "website": "https://www.torontopubliclibrary.ca/detail.jsp?R=LIB044"
      },
      "geometry": {
        "type": "Polygon",
        "coordinates": [
          [
            [
              -79.4724066,
              43.6864157
            ],
            [
              -79.4725429,
              43.6863847
            ],
            [
              -79.4725527,
              43.6862629
            ],
            [
              -79.472468,
              43.6862629
            ],
            [
              -79.4724446,
              43.6862151
            ],
            [
              -79.4725059,
              43.6862003
            ],
            [
              -79.4724816,
              43.6861454
            ],
            [
              -79.4723706,
              43.6861447
            ],
            [
              -79.472358,
              43.6861749
            ],
            [
              -79.4723687,
              43.6862299
            ],
            [
              -79.4723208,
              43.6862418
            ],
            [
              -79.4722781,
              43.686251
            ],
            [
              -79.472246,
              43.6861827
            ],
            [
              -79.4721443,
              43.6862017
            ],
            [
              -79.4721404,
              43.6863467
            ],
            [
              -79.4722027,
              43.6863538
            ],
            [
              -79.4722079,
              43.686368
            ],
            [
              -79.472228,
              43.6864235
            ],
            [
              -79.4723964,
              43.6863861
            ],
            [
              -79.4724066,
              43.6864157
            ]
          ]
        ]
      },
      "id": "way/245518897"
    },
    {
      "type": "Feature",
      "properties": {
        "@id": "way/246237144",
        "addr:housenumber": "560",
        "addr:street": "Palmerston Avenue",
        "amenity": "library",
        "building": "yes",
        "building:levels": "1",
        "check_date": "2025-06-17",
        "internet_access": "wlan",
        "internet_access:fee": "no",
        "name": "Toronto Public Library - Palmerston",
        "operator": "Toronto Public Library",
        "operator:short": "TPL",
        "operator:type": "public",
        "operator:wikidata": "Q2901516",
        "operator:wikipedia": "en:Toronto Public Library",
        "website": "https://www.torontopubliclibrary.ca/detail.jsp?R=LIB072",
        "wheelchair": "yes"
      },
      "geometry": {
        "type": "Polygon",
        "coordinates": [
          [
            [
              -79.41441,
              43.6650902
            ],
            [
              -79.4143863,
              43.6650374
            ],
            [
              -79.4143773,
              43.6650348
            ],
            [
              -79.4143154,
              43.6650484
            ],
            [
              -79.4143021,
              43.6650414
            ],
            [
              -79.4142854,
              43.6649936
            ],
            [
              -79.4142736,
              43.66499
            ],
            [
              -79.4139392,
              43.6650646
            ],
            [
              -79.4139281,
              43.6650807
            ],
            [
              -79.4139477,
              43.6651304
            ],
            [
              -79.4139719,
              43.6651919
            ],
            [
              -79.414038,
              43.6651788
            ],
            [
              -79.4140429,
              43.6651708
            ],
            [
              -79.414054,
              43.6651688
            ],
            [
              -79.4140568,
              43.6651743
            ],
            [
              -79.4144058,
              43.6650983
            ],
            [
              -79.41441,
              43.6650902
            ]
          ]
        ]
      },
      "id": "way/246237144"
    },
    {
      "type": "Feature",
      "properties": {
        "@id": "way/246237480",
        "addr:city": "Toronto",
        "addr:housenumber": "1625",
        "addr:street": "Dufferin Street",
        "amenity": "library",
        "building:levels": "1",
        "building:part": "yes",
        "heritage": "yes",
        "internet_access": "wlan",
        "internet_access:fee": "no",
        "name": "Toronto Public Library - Dufferin/St. Clair",
        "old_name": "Earlscourt Public Library",
        "opendata:type": "107009",
        "operator": "Toronto Public Library",
        "operator:short": "TPL",
        "operator:type": "public",
        "operator:wikidata": "Q2901516",
        "operator:wikipedia": "en:Toronto Public Library",
        "website": "https://www.torontopubliclibrary.ca/detail.jsp?R=LIB040"
      },
      "geometry": {
        "type": "Polygon",
        "coordinates": [
          [
            [
              -79.442188,
              43.676948
            ],
            [
              -79.442204,
              43.676944
            ],
            [
              -79.442229,
              43.677001
            ],
            [
              -79.442229,
              43.677002
            ],
            [
              -79.442209,
              43.677007
            ],
            [
              -79.442201,
              43.677016
            ],
            [
              -79.44221,
              43.677037
            ],
            [
              -79.442226,
              43.677042
            ],
            [
              -79.442243,
              43.677038
            ],
            [
              -79.442273,
              43.6771
            ],
            [
              -79.442255,
              43.677104
            ],
            [
              -79.442274,
              43.677149
            ],
            [
              -79.442429,
              43.677113
            ],
            [
              -79.442436,
              43.67713
            ],
            [
              -79.442605,
              43.677096
            ],
            [
              -79.442595,
              43.677072
            ],
            [
              -79.442557,
              43.677046
            ],
            [
              -79.442526,
              43.676972
            ],
            [
              -79.44248,
              43.676871
            ],
            [
              -79.442485,
              43.676823
            ],
            [
              -79.442481,
              43.676812
            ],
            [
              -79.442471,
              43.676814
            ],
            [
              -79.442463,
              43.676798
            ],
            [
              -79.442409,
              43.676806
            ],
            [
              -79.442412,
              43.676818
            ],
            [
              -79.442386,
              43.676828
            ],
            [
              -79.442358,
              43.676837
            ],
            [
              -79.442355,
              43.676832
            ],
            [
              -79.442347,
              43.676811
            ],
            [
              -79.442227,
              43.676798
            ],
            [
              -79.442221,
              43.676868
            ],
            [
              -79.442182,
              43.67688
            ],
            [
              -79.442168,
              43.676884
            ],
            [
              -79.44216,
              43.676885
            ],
            [
              -79.442176,
              43.676921
            ],
            [
              -79.442188,
              43.676948
            ]
          ]
        ]
      },
      "id": "way/246237480"
    },
    {
      "type": "Feature",
      "properties": {
        "@id": "way/246245147",
        "addr:city": "Etobicoke",
        "addr:housenumber": "200",
        "addr:street": "Park Lawn Road",
        "amenity": "library",
        "building": "yes",
        "internet_access": "wlan",
        "internet_access:fee": "no",
        "name": "Toronto Public Library - Humber Bay",
        "opendata:type": "107009",
        "operator": "Toronto Public Library",
        "operator:short": "TPL",
        "operator:type": "public",
        "operator:wikidata": "Q2901516",
        "operator:wikipedia": "en:Toronto Public Library",
        "website": "https://www.torontopubliclibrary.ca/detail.jsp?R=LIB052"
      },
      "geometry": {
        "type": "Polygon",
        "coordinates": [
          [
            [
              -79.4911471,
              43.6303647
            ],
            [
              -79.4913867,
              43.6303148
            ],
            [
              -79.4913726,
              43.6302793
            ],
            [
              -79.491352,
              43.6302836
            ],
            [
              -79.4913231,
              43.6302108
            ],
            [
              -79.491104,
              43.6302564
            ],
            [
              -79.4911471,
              43.6303647
            ]
          ]
        ]
      },
      "id": "way/246245147"
    },
    {
      "type": "Feature",
      "properties": {
        "@id": "way/246687296",
        "addr:city": "North York",
        "addr:housenumber": "2990",
        "addr:street": "Islington Avenue",
        "amenity": "library",
        "building": "public",
        "internet_access": "wlan",
        "internet_access:fee": "no",
        "name": "Toronto Public Library - Humber Summit",
        "opendata:type": "107009",
        "operator": "Toronto Public Library",
        "operator:short": "TPL",
        "operator:type": "public",
        "operator:wikidata": "Q2901516",
        "operator:wikipedia": "en:Toronto Public Library",
        "website": "https://www.torontopubliclibrary.ca/detail.jsp?R=LIB053"
      },
      "geometry": {
        "type": "Polygon",
        "coordinates": [
          [
            [
              -79.571608,
              43.759177
            ],
            [
              -79.571691,
              43.759145
            ],
            [
              -79.571692,
              43.759134
            ],
            [
              -79.571725,
              43.759138
            ],
            [
              -79.571736,
              43.759092
            ],
            [
              -79.571754,
              43.759094
            ],
            [
              -79.571761,
              43.759054
            ],
            [
              -79.57166,
              43.75891
            ],
            [
              -79.571454,
              43.75889
            ],
            [
              -79.571423,
              43.759065
            ],
            [
              -79.57146,
              43.75907
            ],
            [
              -79.571467,
              43.759093
            ],
            [
              -79.571516,
              43.759106
            ],
            [
              -79.571517,
              43.759115
            ],
            [
              -79.571508,
              43.759135
            ],
            [
              -79.571542,
              43.759145
            ],
            [
              -79.571553,
              43.759125
            ],
            [
              -79.571554,
              43.759121
            ],
            [
              -79.571563,
              43.759113
            ],
            [
              -79.571608,
              43.759177
            ]
          ]
        ]
      },
      "id": "way/246687296"
    },
    {
      "type": "Feature",
      "properties": {
        "@id": "way/248608496",
        "addr:city": "York",
        "addr:housenumber": "2",
        "addr:street": "King Street",
        "amenity": "library",
        "building": "public",
        "internet_access": "wlan",
        "internet_access:fee": "no",
        "name": "Toronto Public Library - Weston",
        "opendata:type": "107009",
        "operator": "Toronto Public Library",
        "operator:short": "TPL",
        "operator:type": "public",
        "operator:wikidata": "Q2901516",
        "operator:wikipedia": "en:Toronto Public Library",
        "website": "https://www.torontopubliclibrary.ca/detail.jsp?R=LIB093"
      },
      "geometry": {
        "type": "Polygon",
        "coordinates": [
          [
            [
              -79.5205763,
              43.7018875
            ],
            [
              -79.5207395,
              43.7017434
            ],
            [
              -79.5207106,
              43.7017263
            ],
            [
              -79.5208144,
              43.7016346
            ],
            [
              -79.5207097,
              43.7015727
            ],
            [
              -79.5205371,
              43.701725
            ],
            [
              -79.520544,
              43.7017776
            ],
            [
              -79.5204862,
              43.7018341
            ],
            [
              -79.5204425,
              43.7018084
            ],
            [
              -79.5203173,
              43.7019198
            ],
            [
              -79.5204685,
              43.7020093
            ],
            [
              -79.5205943,
              43.7018981
            ],
            [
              -79.5205763,
              43.7018875
            ]
          ]
        ]
      },
      "id": "way/248608496"
    },
    {
      "type": "Feature",
      "properties": {
        "@id": "way/257304610",
        "addr:city": "Toronto",
        "addr:housenumber": "1589",
        "addr:postcode": "M6P 3S5",
        "addr:province": "Ontario",
        "addr:street": "Dupont Street",
        "amenity": "library",
        "building": "yes",
        "internet_access": "wlan",
        "internet_access:fee": "no",
        "name": "Toronto Public Library - Perth/Dupont",
        "operator": "Toronto Public Library",
        "operator:short": "TPL",
        "operator:type": "public",
        "operator:wikidata": "Q2901516",
        "operator:wikipedia": "en:Toronto Public Library",
        "phone": "+1-416-393-7677",
        "website": "https://www.torontopubliclibrary.ca/detail.jsp?R=LIB075"
      },
      "geometry": {
        "type": "Polygon",
        "coordinates": [
          [
            [
              -79.4538872,
              43.6650746
            ],
            [
              -79.4538308,
              43.6649381
            ],
            [
              -79.4537587,
              43.6649537
            ],
            [
              -79.4537773,
              43.6649987
            ],
            [
              -79.4537605,
              43.6650024
            ],
            [
              -79.4537983,
              43.6650939
            ],
            [
              -79.4538872,
              43.6650746
            ]
          ]
        ]
      },
      "id": "way/257304610"
    },
    {
      "type": "Feature",
      "properties": {
        "@id": "way/260682038",
        "addr:city": "Etobicoke",
        "addr:housenumber": "36",
        "addr:street": "Brentwood Road North",
        "amenity": "library",
        "building": "yes",
        "internet_access": "wlan",
        "internet_access:fee": "no",
        "name": "Toronto Public Library - Brentwood",
        "opendata:type": "107009",
        "operator": "Toronto Public Library",
        "operator:short": "TPL",
        "operator:type": "public",
        "operator:wikidata": "Q2901516",
        "operator:wikipedia": "en:Toronto Public Library",
        "website": "https://www.torontopubliclibrary.ca/detail.jsp?R=LIB07",
        "wikidata": "Q106218528"
      },
      "geometry": {
        "type": "Polygon",
        "coordinates": [
          [
            [
              -79.5143815,
              43.6472492
            ],
            [
              -79.5142573,
              43.6472765
            ],
            [
              -79.5142581,
              43.6472783
            ],
            [
              -79.5142131,
              43.6472882
            ],
            [
              -79.5142077,
              43.6472753
            ],
            [
              -79.5140825,
              43.6473028
            ],
            [
              -79.5141381,
              43.6474291
            ],
            [
              -79.5141852,
              43.6475478
            ],
            [
              -79.5143108,
              43.6475202
            ],
            [
              -79.5143074,
              43.6475119
            ],
            [
              -79.5143535,
              43.6475018
            ],
            [
              -79.5143646,
              43.6475284
            ],
            [
              -79.5144872,
              43.6475014
            ],
            [
              -79.5143815,
              43.6472492
            ]
          ]
        ]
      },
      "id": "way/260682038"
    },
    {
      "type": "Feature",
      "properties": {
        "@id": "way/278028787",
        "addr:housenumber": "1906",
        "addr:street": "Sheppard Ave West",
        "amenity": "library",
        "building": "public",
        "name": "Toronto Public Library - Jane/Sheppard",
        "operator": "Toronto Public Library",
        "operator:short": "TPL",
        "operator:type": "public",
        "operator:wikidata": "Q2901516",
        "operator:wikipedia": "en:Toronto Public Library",
        "website": "https://www.torontopubliclibrary.ca/detail.jsp?R=LIB056"
      },
      "geometry": {
        "type": "Polygon",
        "coordinates": [
          [
            [
              -79.5099102,
              43.7398743
            ],
            [
              -79.5100386,
              43.7401664
            ],
            [
              -79.5102522,
              43.7401174
            ],
            [
              -79.5101238,
              43.7398253
            ],
            [
              -79.5099102,
              43.7398743
            ]
          ]
        ]
      },
      "id": "way/278028787"
    },
    {
      "type": "Feature",
      "properties": {
        "@id": "way/305625750",
        "addr:city": "York",
        "addr:housenumber": "1123",
        "addr:street": "Weston Road",
        "amenity": "library",
        "building": "public",
        "internet_access": "wlan",
        "internet_access:fee": "no",
        "name": "Toronto Public Library - Mount Dennis",
        "opendata:type": "107009",
        "operator": "Toronto Public Library",
        "operator:short": "TPL",
        "operator:type": "public",
        "operator:wikidata": "Q2901516",
        "operator:wikipedia": "en:Toronto Public Library",
        "website": "https://www.torontopubliclibrary.ca/detail.jsp?R=LIB067"
      },
      "geometry": {
        "type": "Polygon",
        "coordinates": [
          [
            [
              -79.4882287,
              43.6867692
            ],
            [
              -79.4883197,
              43.6866732
            ],
            [
              -79.4883237,
              43.6866752
            ],
            [
              -79.4883557,
              43.6866412
            ],
            [
              -79.4883517,
              43.6866392
            ],
            [
              -79.4884277,
              43.6865592
            ],
            [
              -79.4882377,
              43.6864642
            ],
            [
              -79.4881277,
              43.6865792
            ],
            [
              -79.4881077,
              43.6865692
            ],
            [
              -79.4880177,
              43.6866632
            ],
            [
              -79.4882287,
              43.6867692
            ]
          ]
        ]
      },
      "id": "way/305625750"
    },
    {
      "type": "Feature",
      "properties": {
        "@id": "way/306467593",
        "addr:city": "Toronto",
        "addr:housenumber": "118",
        "addr:street": "Jones Avenue",
        "amenity": "library",
        "building": "yes",
        "internet_access": "wlan",
        "internet_access:fee": "no",
        "name": "Toronto Public Library - Jones",
        "note": "closed sunday",
        "operator": "Toronto Public Library",
        "operator:short": "TPL",
        "operator:type": "public",
        "operator:wikidata": "Q2901516",
        "operator:wikipedia": "en:Toronto Public Library",
        "source": "Yahoo",
        "website": "https://www.torontopubliclibrary.ca/detail.jsp?R=LIB057"
      },
      "geometry": {
        "type": "Polygon",
        "coordinates": [
          [
            [
              -79.3344049,
              43.6660638
            ],
            [
              -79.3345503,
              43.6660319
            ],
            [
              -79.3345598,
              43.6660546
            ],
            [
              -79.3347378,
              43.6660155
            ],
            [
              -79.3346888,
              43.6658988
            ],
            [
              -79.3345814,
              43.6659224
            ],
            [
              -79.334559,
              43.6658689
            ],
            [
              -79.3343432,
              43.6659163
            ],
            [
              -79.3343491,
              43.6659302
            ],
            [
              -79.3343214,
              43.6659363
            ],
            [
              -79.3343411,
              43.6659832
            ],
            [
              -79.3343686,
              43.6659771
            ],
            [
              -79.3344049,
              43.6660638
            ]
          ]
        ]
      },
      "id": "way/306467593"
    },
    {
      "type": "Feature",
      "properties": {
        "@id": "way/338407187",
        "addr:city": "Scarborough",
        "addr:housenumber": "4279",
        "addr:street": "Lawrence Avenue East",
        "amenity": "library",
        "building": "yes",
        "internet_access": "wlan",
        "internet_access:fee": "no",
        "name": "Toronto Public Library - Morningside",
        "opendata:type": "107009",
        "operator": "Toronto Public Library",
        "operator:short": "TPL",
        "operator:type": "public",
        "operator:wikidata": "Q2901516",
        "operator:wikipedia": "en:Toronto Public Library",
        "website": "https://www.torontopubliclibrary.ca/detail.jsp?R=LIB066"
      },
      "geometry": {
        "type": "Polygon",
        "coordinates": [
          [
            [
              -79.178611,
              43.7698978
            ],
            [
              -79.178535,
              43.7697329
            ],
            [
              -79.1781419,
              43.7698273
            ],
            [
              -79.1782165,
              43.769989
            ],
            [
              -79.1782677,
              43.7699767
            ],
            [
              -79.1782826,
              43.770009
            ],
            [
              -79.1783611,
              43.7699902
            ],
            [
              -79.1783462,
              43.7699579
            ],
            [
              -79.178451,
              43.7699327
            ],
            [
              -79.1784573,
              43.7699463
            ],
            [
              -79.1785187,
              43.7699316
            ],
            [
              -79.1785139,
              43.7699211
            ],
            [
              -79.178611,
              43.7698978
            ]
          ]
        ]
      },
      "id": "way/338407187"
    },
    {
      "type": "Feature",
      "properties": {
        "@id": "way/346553370",
        "addr:city": "Toronto",
        "addr:housenumber": "156",
        "addr:postcode": "M1P 4N7",
        "addr:street": "Borough Drive",
        "amenity": "library",
        "building": "civic",
        "name": "Toronto Public Library - Scarborough Civic Centre",
        "operator": "Toronto Public Library",
        "operator:short": "TPL",
        "operator:type": "public",
        "operator:wikidata": "Q2901516",
        "operator:wikipedia": "en:Toronto Public Library",
        "phone": "+1-416-396-3599",
        "website": "https://www.torontopubliclibrary.ca/detail.jsp?R=LIB144",
        "wheelchair": "yes",
        "wikidata": "Q59275108"
      },
      "geometry": {
        "type": "Polygon",
        "coordinates": [
          [
            [
              -79.2573868,
              43.7723983
            ],
            [
              -79.2573345,
              43.7722888
            ],
            [
              -79.2573506,
              43.7722869
            ],
            [
              -79.2572929,
              43.7721562
            ],
            [
              -79.2572319,
              43.7721637
            ],
            [
              -79.2566411,
              43.772238
            ],
            [
              -79.2566529,
              43.7722746
            ],
            [
              -79.256684,
              43.7723566
            ],
            [
              -79.2567913,
              43.7723339
            ],
            [
              -79.256853,
              43.7724234
            ],
            [
              -79.256676,
              43.7725048
            ],
            [
              -79.256794,
              43.7725997
            ],
            [
              -79.2568047,
              43.772589
            ],
            [
              -79.2569228,
              43.7726442
            ],
            [
              -79.2570072,
              43.7725619
            ],
            [
              -79.2571159,
              43.7724874
            ],
            [
              -79.2572299,
              43.772437
            ],
            [
              -79.2573868,
              43.7723983
            ]
          ]
        ]
      },
      "id": "way/346553370"
    },
    {
      "type": "Feature",
      "properties": {
        "@id": "way/398846829",
        "addr:city": "York",
        "addr:housenumber": "341",
        "addr:street": "Oakwood Avenue",
        "amenity": "library",
        "building": "yes",
        "building:levels": "3",
        "name": "Toronto Public Library - Oakwood Village",
        "operator": "Toronto Public Library",
        "operator:short": "TPL",
        "operator:type": "public",
        "operator:wikidata": "Q2901516",
        "operator:wikipedia": "en:Toronto Public Library",
        "website": "https://www.torontopubliclibrary.ca/detail.jsp?R=LIB071"
      },
      "geometry": {
        "type": "Polygon",
        "coordinates": [
          [
            [
              -79.4379897,
              43.686682
            ],
            [
              -79.4380608,
              43.6866671
            ],
            [
              -79.438292,
              43.6866186
            ],
            [
              -79.4383462,
              43.6866072
            ],
            [
              -79.438336,
              43.6865817
            ],
            [
              -79.4383483,
              43.6865792
            ],
            [
              -79.4383022,
              43.6864644
            ],
            [
              -79.4379209,
              43.6865445
            ],
            [
              -79.437941,
              43.6865947
            ],
            [
              -79.4379536,
              43.6865921
            ],
            [
              -79.4379897,
              43.686682
            ]
          ]
        ]
      },
      "id": "way/398846829"
    },
    {
      "type": "Feature",
      "properties": {
        "@id": "way/409614958",
        "addr:city": "Toronto",
        "addr:housenumber": "496",
        "addr:street": "Birchmount Road",
        "amenity": "library",
        "building": "yes",
        "internet_access": "wlan",
        "internet_access:fee": "no",
        "name": "Toronto Public Library - Albert Campbell",
        "opendata:type": "107009",
        "opening_hours": "Mo-Fr 09:00-20:30; Sa 09:00-17:00; Su 13:30-17:00",
        "operator": "Toronto Public Library",
        "operator:short": "TPL",
        "operator:type": "public",
        "operator:wikidata": "Q2901516",
        "operator:wikipedia": "en:Toronto Public Library",
        "website": "https://www.torontopubliclibrary.ca/detail.jsp?R=LIB03"
      },
      "geometry": {
        "type": "Polygon",
        "coordinates": [
          [
            [
              -79.269024,
              43.708209
            ],
            [
              -79.269038,
              43.708206
            ],
            [
              -79.269163,
              43.708178
            ],
            [
              -79.269181,
              43.708174
            ],
            [
              -79.269412,
              43.708123
            ],
            [
              -79.269416,
              43.708133
            ],
            [
              -79.269563,
              43.7081
            ],
            [
              -79.269646,
              43.708082
            ],
            [
              -79.269568,
              43.707897
            ],
            [
              -79.269483,
              43.707916
            ],
            [
              -79.269339,
              43.707947
            ],
            [
              -79.269254,
              43.707966
            ],
            [
              -79.269135,
              43.707993
            ],
            [
              -79.269134,
              43.70799
            ],
            [
              -79.26909,
              43.707999
            ],
            [
              -79.269096,
              43.708014
            ],
            [
              -79.268982,
              43.708039
            ],
            [
              -79.26898,
              43.708033
            ],
            [
              -79.268952,
              43.708039
            ],
            [
              -79.269024,
              43.708209
            ]
          ]
        ]
      },
      "id": "way/409614958"
    },
    {
      "type": "Feature",
      "properties": {
        "@id": "way/437089196",
        "addr:city": "Toronto",
        "addr:housenumber": "228",
        "addr:street": "Roncesvalles Avenue",
        "amenity": "library",
        "building": "yes",
        "building:colour": "brown",
        "building:levels": "3",
        "building:material": "brick",
        "check_date": "2025-05-12",
        "internet_access": "wlan",
        "internet_access:fee": "no",
        "local_name": "High Park Public Library",
        "name": "Toronto Public Library - High Park",
        "opening_hours": "Mo-Th 09:00-20:30; Fr-Sa 09:00-17:00; Su off",
        "operator": "Toronto Public Library",
        "operator:short": "TPL",
        "operator:type": "public",
        "operator:wikidata": "Q2901516",
        "operator:wikipedia": "en:Toronto Public Library",
        "website": "https://www.torontopubliclibrary.ca/detail.jsp?R=LIB049",
        "wheelchair": "yes"
      },
      "geometry": {
        "type": "Polygon",
        "coordinates": [
          [
            [
              -79.4491227,
              43.6451185
            ],
            [
              -79.4490828,
              43.6450171
            ],
            [
              -79.4490341,
              43.6450271
            ],
            [
              -79.4490207,
              43.6449931
            ],
            [
              -79.4488307,
              43.6450321
            ],
            [
              -79.4488431,
              43.6450636
            ],
            [
              -79.4488002,
              43.6450724
            ],
            [
              -79.4488197,
              43.6451219
            ],
            [
              -79.4488411,
              43.6451764
            ],
            [
              -79.4488828,
              43.6451678
            ],
            [
              -79.4489111,
              43.6452399
            ],
            [
              -79.4489401,
              43.6452339
            ],
            [
              -79.448944,
              43.6452438
            ],
            [
              -79.4491029,
              43.6452111
            ],
            [
              -79.4490708,
              43.6451292
            ],
            [
              -79.4491227,
              43.6451185
            ]
          ]
        ]
      },
      "id": "way/437089196"
    },
    {
      "type": "Feature",
      "properties": {
        "@id": "way/660584966",
        "addr:housenumber": "545",
        "addr:street": "Markham Road",
        "amenity": "library",
        "building": "yes",
        "name": "Toronto Public Library - Cedarbrae",
        "operator": "Toronto Public Library",
        "operator:short": "TPL",
        "operator:type": "public",
        "operator:wikidata": "Q2901516",
        "operator:wikipedia": "en:Toronto Public Library",
        "website": "https://www.torontopubliclibrary.ca/detail.jsp?R=LIB08"
      },
      "geometry": {
        "type": "Polygon",
        "coordinates": [
          [
            [
              -79.223788,
              43.757706
            ],
            [
              -79.224025,
              43.757671
            ],
            [
              -79.224029,
              43.757684
            ],
            [
              -79.224162,
              43.757662
            ],
            [
              -79.224166,
              43.757675
            ],
            [
              -79.224225,
              43.757666
            ],
            [
              -79.224096,
              43.75724
            ],
            [
              -79.22401,
              43.757254
            ],
            [
              -79.224004,
              43.757238
            ],
            [
              -79.223937,
              43.757207
            ],
            [
              -79.223859,
              43.757218
            ],
            [
              -79.223817,
              43.757266
            ],
            [
              -79.223833,
              43.757317
            ],
            [
              -79.223803,
              43.757352
            ],
            [
              -79.223815,
              43.757396
            ],
            [
              -79.223701,
              43.757415
            ],
            [
              -79.223788,
              43.757706
            ]
          ]
        ]
      },
      "id": "way/660584966"
    },
    {
      "type": "Feature",
      "properties": {
        "@id": "way/660980750",
        "addr:housenumber": "1440",
        "addr:street": "Kingston Road",
        "amenity": "library",
        "building": "yes",
        "name": "Toronto Public Library - Taylor Memorial",
        "operator": "Toronto Public Library",
        "operator:short": "TPL",
        "operator:type": "public",
        "operator:wikidata": "Q2901516",
        "operator:wikipedia": "en:Toronto Public Library",
        "website": "https://www.torontopubliclibrary.ca/detail.jsp?R=LIB089"
      },
      "geometry": {
        "type": "Polygon",
        "coordinates": [
          [
            [
              -79.271308,
              43.687985
            ],
            [
              -79.271424,
              43.687906
            ],
            [
              -79.27138,
              43.687872
            ],
            [
              -79.271438,
              43.687833
            ],
            [
              -79.271391,
              43.687796
            ],
            [
              -79.27144,
              43.687763
            ],
            [
              -79.271431,
              43.687757
            ],
            [
              -79.271441,
              43.68775
            ],
            [
              -79.271367,
              43.687693
            ],
            [
              -79.271387,
              43.68768
            ],
            [
              -79.271345,
              43.687648
            ],
            [
              -79.271337,
              43.687646
            ],
            [
              -79.271328,
              43.687645
            ],
            [
              -79.271317,
              43.687646
            ],
            [
              -79.27131,
              43.687648
            ],
            [
              -79.271192,
              43.687728
            ],
            [
              -79.271224,
              43.687753
            ],
            [
              -79.271209,
              43.687763
            ],
            [
              -79.271196,
              43.687753
            ],
            [
              -79.271175,
              43.687768
            ],
            [
              -79.271188,
              43.687777
            ],
            [
              -79.271167,
              43.687791
            ],
            [
              -79.271211,
              43.687825
            ],
            [
              -79.271153,
              43.687864
            ],
            [
              -79.2711818,
              43.6878865
            ],
            [
              -79.271308,
              43.687985
            ]
          ]
        ]
      },
      "id": "way/660980750"
    },
    {
      "type": "Feature",
      "properties": {
        "@id": "way/662539924",
        "addr:city": "North York",
        "addr:housenumber": "35",
        "addr:street": "Fairview Mall Drive",
        "amenity": "library",
        "building": "yes",
        "internet_access": "wlan",
        "internet_access:fee": "no",
        "name": "Toronto Public Library - Fairview",
        "opendata:type": "107009",
        "operator": "Toronto Public Library",
        "operator:short": "TPL",
        "operator:type": "public",
        "operator:wikidata": "Q2901516",
        "operator:wikipedia": "en:Toronto Public Library",
        "website": "https://www.torontopubliclibrary.ca/detail.jsp?R=LIB010"
      },
      "geometry": {
        "type": "Polygon",
        "coordinates": [
          [
            [
              -79.346573,
              43.779319
            ],
            [
              -79.3466759,
              43.7792969
            ],
            [
              -79.347085,
              43.779209
            ],
            [
              -79.347073,
              43.779179
            ],
            [
              -79.347049,
              43.77912
            ],
            [
              -79.347055,
              43.779118
            ],
            [
              -79.347035,
              43.77907
            ],
            [
              -79.34707,
              43.779063
            ],
            [
              -79.347045,
              43.779001
            ],
            [
              -79.347035,
              43.778978
            ],
            [
              -79.346992,
              43.778987
            ],
            [
              -79.346918,
              43.778806
            ],
            [
              -79.346777,
              43.778837
            ],
            [
              -79.346691,
              43.778953
            ],
            [
              -79.346668,
              43.778958
            ],
            [
              -79.346667,
              43.778953
            ],
            [
              -79.346595,
              43.778971
            ],
            [
              -79.346605,
              43.778994
            ],
            [
              -79.346579,
              43.779
            ],
            [
              -79.346558,
              43.778955
            ],
            [
              -79.346367,
              43.779001
            ],
            [
              -79.346322,
              43.779023
            ],
            [
              -79.346348,
              43.779083
            ],
            [
              -79.346347,
              43.779138
            ],
            [
              -79.346371,
              43.779138
            ],
            [
              -79.346388,
              43.779183
            ],
            [
              -79.346461,
              43.779184
            ],
            [
              -79.346468,
              43.779183
            ],
            [
              -79.346486,
              43.779226
            ],
            [
              -79.346521,
              43.779219
            ],
            [
              -79.346551,
              43.779291
            ],
            [
              -79.346561,
              43.779289
            ],
            [
              -79.346573,
              43.779319
            ]
          ]
        ]
      },
      "id": "way/662539924"
    },
    {
      "type": "Feature",
      "properties": {
        "@id": "way/680916221",
        "addr:city": "Toronto",
        "addr:housenumber": "766",
        "addr:street": "College Street",
        "amenity": "library",
        "building": "library",
        "building:levels": "1",
        "check_date:opening_hours": "2025-04-12",
        "internet_access": "wlan",
        "internet_access:fee": "no",
        "name": "Toronto Public Library - College/Shaw",
        "opening_hours": "Mo 10:00-20:30; Tu 12:30-20:30; We 10:00-18:00; Th 12:30-20:30; Fr 10:00-18:00; Sa 09:00-17:00; Su off",
        "operator": "Toronto Public Library",
        "operator:short": "TPL",
        "operator:type": "public",
        "operator:wikidata": "Q2901516",
        "operator:wikipedia": "en:Toronto Public Library",
        "phone": "+1-416-393-7668",
        "website": "https://www.torontopubliclibrary.ca/detail.jsp?R=LIB034"
      },
      "geometry": {
        "type": "Polygon",
        "coordinates": [
          [
            [
              -79.4202531,
              43.6552389
            ],
            [
              -79.4201749,
              43.6550421
            ],
            [
              -79.4199917,
              43.6550802
            ],
            [
              -79.4200953,
              43.655341
            ],
            [
              -79.4201891,
              43.6553215
            ],
            [
              -79.4201637,
              43.6552575
            ],
            [
              -79.4202531,
              43.6552389
            ]
          ]
        ]
      },
      "id": "way/680916221"
    },
    {
      "type": "Feature",
      "properties": {
        "@id": "way/790239991",
        "addr:housenumber": "1246",
        "addr:street": "Shaw Street",
        "alt_name": "Davenport Public Library",
        "amenity": "library",
        "building": "yes",
        "building:levels": "2",
        "internet_access": "wlan",
        "internet_access:fee": "no",
        "name": "Toronto Public Library - Davenport",
        "operator": "Toronto Public Library",
        "operator:short": "TPL",
        "operator:type": "public",
        "operator:wikidata": "Q2901516",
        "operator:wikipedia": "en:Toronto Public Library",
        "website": "https://www.torontopubliclibrary.ca/detail.jsp?R=LIB036"
      },
      "geometry": {
        "type": "Polygon",
        "coordinates": [
          [
            [
              -79.428471,
              43.67461
            ],
            [
              -79.4284269,
              43.6744975
            ],
            [
              -79.4284068,
              43.6744483
            ],
            [
              -79.428386,
              43.6744528
            ],
            [
              -79.4283819,
              43.6744428
            ],
            [
              -79.428326,
              43.6744549
            ],
            [
              -79.4283557,
              43.6745331
            ],
            [
              -79.4283242,
              43.6745412
            ],
            [
              -79.4283435,
              43.6745716
            ],
            [
              -79.4283486,
              43.6745796
            ],
            [
              -79.4283778,
              43.6746129
            ],
            [
              -79.4284062,
              43.6746069
            ],
            [
              -79.4284134,
              43.6746245
            ],
            [
              -79.428471,
              43.67461
            ]
          ]
        ]
      },
      "id": "way/790239991"
    },
    {
      "type": "Feature",
      "properties": {
        "@id": "way/796670791",
        "addr:city": "Toronto",
        "addr:housenumber": "765",
        "addr:province": "Ontario",
        "addr:street": "Queen Street East",
        "amenity": "library",
        "architect": "E. J. Lennox",
        "building": "commercial",
        "internet_access": "wlan",
        "internet_access:fee": "no",
        "name": "Toronto Public Library - Queen/Saulter",
        "opening_hours": "Tu 12:30-20:30, We 10:00-18:00, Th 12:30-20:30, Fr 10:00-18:00, Sa 09:00-17:00",
        "operator": "Toronto Public Library",
        "operator:short": "TPL",
        "operator:type": "public",
        "operator:wikidata": "Q2901516",
        "operator:wikipedia": "en:Toronto Public Library",
        "start_date": "1913",
        "website": "https://www.torontopubliclibrary.ca/detail.jsp?R=LIB078"
      },
      "geometry": {
        "type": "Polygon",
        "coordinates": [
          [
            [
              -79.3476935,
              43.6592524
            ],
            [
              -79.3475991,
              43.659005
            ],
            [
              -79.3475836,
              43.6589925
            ],
            [
              -79.3473784,
              43.6590366
            ],
            [
              -79.3474877,
              43.6592937
            ],
            [
              -79.3476935,
              43.6592524
            ]
          ]
        ]
      },
      "id": "way/796670791"
    },
    {
      "type": "Feature",
      "properties": {
        "@id": "way/1217925388",
        "addr:city": "Toronto",
        "addr:housenumber": "3",
        "addr:province": "Ontario",
        "addr:street": "Devonshire Place",
        "amenity": "library",
        "building:levels": "3",
        "building:levels:underground": "1",
        "building:part": "yes",
        "check_date": "2025-04-30",
        "description": "The Trinity College Library’s collection emphasizes undergraduate humanities, international relations, and Anglican theology.",
        "email": "ask.grahamlibrary@utoronto.ca",
        "internet_access": "wlan",
        "internet_access:fee": "students",
        "level": "3",
        "name": "John W. Graham Library - Trinity College Library",
        "opening_hours": "Mo-Th 08:30-23:45; Fr 08:30-19:45; Sa 09:15-19:45; Su 13:15-23:45",
        "operator": "University of Toronto",
        "operator:type": "university",
        "operator:wikidata": "Q180865",
        "operator:wikipedia": "en:University of Toronto",
        "phone": "+1 4169785851",
        "website": "https://trinity.utoronto.ca/library/",
        "wheelchair": "no"
      },
      "geometry": {
        "type": "Polygon",
        "coordinates": [
          [
            [
              -79.3965761,
              43.6652887
            ],
            [
              -79.396588,
              43.6652863
            ],
            [
              -79.3965737,
              43.6652505
            ],
            [
              -79.3965624,
              43.6652528
            ],
            [
              -79.3965598,
              43.6652464
            ],
            [
              -79.3965715,
              43.665244
            ],
            [
              -79.3965427,
              43.6651708
            ],
            [
              -79.3965359,
              43.6651722
            ],
            [
              -79.3965021,
              43.6650869
            ],
            [
              -79.3965071,
              43.6650859
            ],
            [
              -79.3964885,
              43.6650365
            ],
            [
              -79.3964826,
              43.6650377
            ],
            [
              -79.3964466,
              43.6649468
            ],
            [
              -79.3964516,
              43.6649457
            ],
            [
              -79.3964235,
              43.6648738
            ],
            [
              -79.3964075,
              43.6648771
            ],
            [
              -79.3964047,
              43.66487
            ],
            [
              -79.3964172,
              43.6648674
            ],
            [
              -79.3964016,
              43.664828
            ],
            [
              -79.3963889,
              43.6648306
            ],
            [
              -79.3963851,
              43.6648204
            ],
            [
              -79.3963085,
              43.6648363
            ],
            [
              -79.396315,
              43.6648523
            ],
            [
              -79.3962661,
              43.6648625
            ],
            [
              -79.3962716,
              43.6648763
            ],
            [
              -79.3962788,
              43.6648944
            ],
            [
              -79.3962917,
              43.6648917
            ],
            [
              -79.396295,
              43.6649
            ],
            [
              -79.3962722,
              43.6649047
            ],
            [
              -79.3963003,
              43.6649766
            ],
            [
              -79.3963058,
              43.6649755
            ],
            [
              -79.3963414,
              43.6650655
            ],
            [
              -79.3963361,
              43.6650665
            ],
            [
              -79.3963457,
              43.6650921
            ],
            [
              -79.3963547,
              43.6651159
            ],
            [
              -79.3963609,
              43.6651147
            ],
            [
              -79.3963952,
              43.6652011
            ],
            [
              -79.3963903,
              43.6652021
            ],
            [
              -79.3964192,
              43.6652753
            ],
            [
              -79.3964459,
              43.6652698
            ],
            [
              -79.3964491,
              43.665278
            ],
            [
              -79.3964377,
              43.6652803
            ],
            [
              -79.3964514,
              43.6653148
            ],
            [
              -79.3965027,
              43.6653041
            ],
            [
              -79.3965761,
              43.6652887
            ]
          ]
        ]
      },
      "id": "way/1217925388"
    },
    {
      "type": "Feature",
      "properties": {
        "@id": "node/54965547",
        "addr:city": "Toronto",
        "addr:housenumber": "327",
        "addr:street": "Bathurst Street",
        "amenity": "library",
        "internet_access": "wlan",
        "internet_access:fee": "no",
        "name": "Toronto Public Library - Sanderson",
        "opendata:type": "107009",
        "operator": "Toronto Public Library",
        "operator:short": "TPL",
        "operator:type": "public",
        "operator:wikidata": "Q2901516",
        "operator:wikipedia": "en:Toronto Public Library",
        "website": "https://www.torontopubliclibrary.ca/detail.jsp?R=LIB085"
      },
      "geometry": {
        "type": "Point",
        "coordinates": [
          -79.405463,
          43.6521007
        ]
      },
      "id": "node/54965547"
    },
    {
      "type": "Feature",
      "properties": {
        "@id": "node/277139349",
        "addr:city": "East York",
        "addr:housenumber": "48",
        "addr:street": "Thorncliffe Park Drive",
        "amenity": "library",
        "internet_access": "wlan",
        "internet_access:fee": "no",
        "name": "Toronto Public Library - Thorncliffe",
        "opendata:type": "107009",
        "operator": "Toronto Public Library",
        "operator:short": "TPL",
        "operator:type": "public",
        "operator:wikidata": "Q2901516",
        "operator:wikipedia": "en:Toronto Public Library",
        "website": "https://www.torontopubliclibrary.ca/detail.jsp?R=LIB090",
        "wheelchair": "limited"
      },
      "geometry": {
        "type": "Point",
        "coordinates": [
          -79.3425925,
          43.7029518
        ]
      },
      "id": "node/277139349"
    },
    {
      "type": "Feature",
      "properties": {
        "@id": "node/279677537",
        "addr:city": "East York",
        "addr:housenumber": "416",
        "addr:street": "Dawes Road",
        "amenity": "library",
        "internet_access": "wlan",
        "internet_access:fee": "no",
        "name": "Toronto Public Library - Dawes Road",
        "operator": "Toronto Public Library",
        "operator:short": "TPL",
        "operator:type": "public",
        "operator:wikidata": "Q2901516",
        "operator:wikipedia": "en:Toronto Public Library",
        "website": "https://www.torontopubliclibrary.ca/detail.jsp?R=LIB037"
      },
      "geometry": {
        "type": "Point",
        "coordinates": [
          -79.2972467,
          43.7012177
        ]
      },
      "id": "node/279677537"
    },
    {
      "type": "Feature",
      "properties": {
        "@id": "node/291954268",
        "addr:city": "Toronto",
        "addr:housenumber": "40",
        "addr:postcode": "M4R 1B9",
        "addr:street": "Orchard View Boulevard",
        "amenity": "library",
        "hst_number": "873275499RT0001",
        "internet_access": "wlan",
        "internet_access:fee": "no",
        "name": "Toronto Public Library - Northern District",
        "opening_hours": "Mo-Fr 09:00-20:30; Sa 09:00-17:00; Su 13:30-17:00",
        "operator": "Toronto Public Library",
        "operator:short": "TPL",
        "operator:type": "public",
        "operator:wikidata": "Q2901516",
        "operator:wikipedia": "en:Toronto Public Library",
        "phone": "+1-416-393-7610",
        "website": "https://www.torontopubliclibrary.ca/detail.jsp?R=LIB014",
        "wheelchair": "yes"
      },
      "geometry": {
        "type": "Point",
        "coordinates": [
          -79.4000683,
          43.7083798
        ]
      },
      "id": "node/291954268"
    },
    {
      "type": "Feature",
      "properties": {
        "@id": "node/344352917",
        "amenity": "library",
        "college": "University College",
        "name": "Laidlaw Library",
        "operator": "University of Toronto",
        "operator:type": "university",
        "operator:wikidata": "Q180865",
        "operator:wikipedia": "en:University of Toronto"
      },
      "geometry": {
        "type": "Point",
        "coordinates": [
          -79.3958201,
          43.6632524
        ]
      },
      "id": "node/344352917"
    },
    {
      "type": "Feature",
      "properties": {
        "@id": "node/349203862",
        "addr:city": "North York",
        "addr:housenumber": "5120",
        "addr:street": "Yonge Street",
        "amenity": "library",
        "internet_access": "wlan",
        "internet_access:fee": "no",
        "name": "Toronto Public Library - North York Central Library",
        "opendata:type": "107009",
        "opening_hours": "Mo-Fr 09:00-20:30; Sa 09:00-17:00; Su 13:30-17:00",
        "operator": "Toronto Public Library",
        "operator:short": "TPL",
        "operator:type": "public",
        "operator:wikidata": "Q2901516",
        "operator:wikipedia": "en:Toronto Public Library",
        "website": "https://www.torontopubliclibrary.ca/detail.jsp?R=LIB01",
        "wikidata": "Q7057444",
        "wikipedia": "en:North York Central Library"
      },
      "geometry": {
        "type": "Point",
        "coordinates": [
          -79.4147988,
          43.7681311
        ]
      },
      "id": "node/349203862"
    },
    {
      "type": "Feature",
      "properties": {
        "@id": "node/371732150",
        "addr:city": "Scarborough",
        "addr:housenumber": "2900",
        "addr:street": "Warden Avenue",
        "amenity": "library",
        "internet_access": "wlan",
        "internet_access:fee": "no",
        "level": "0",
        "name": "Toronto Public Library - Bridlewood",
        "opendata:type": "107009",
        "operator": "Toronto Public Library",
        "operator:short": "TPL",
        "operator:type": "public",
        "operator:wikidata": "Q2901516",
        "operator:wikipedia": "en:Toronto Public Library",
        "website": "https://www.torontopubliclibrary.ca/detail.jsp?R=LIB028"
      },
      "geometry": {
        "type": "Point",
        "coordinates": [
          -79.319077,
          43.7993024
        ]
      },
      "id": "node/371732150"
    },
    {
      "type": "Feature",
      "properties": {
        "@id": "node/380027517",
        "addr:city": "Toronto",
        "addr:housenumber": "495",
        "addr:street": "Sherbourne Street",
        "amenity": "library",
        "internet_access": "wlan",
        "internet_access:fee": "no",
        "name": "Toronto Public Library - St. James Town",
        "opening_hours": "Tu,Th 12:30-20:30; Mo,Fr 10:00-18:00; Sa 10:00-17:00",
        "operator": "Toronto Public Library",
        "operator:short": "TPL",
        "operator:type": "public",
        "operator:wikidata": "Q2901516",
        "operator:wikipedia": "en:Toronto Public Library",
        "phone": "+1-416-393-7744",
        "website": "https://www.torontopubliclibrary.ca/detail.jsp?R=LIB083"
      },
      "geometry": {
        "type": "Point",
        "coordinates": [
          -79.3742632,
          43.6673836
        ]
      },
      "id": "node/380027517"
    },
    {
      "type": "Feature",
      "properties": {
        "@id": "node/380040875",
        "addr:city": "Toronto",
        "addr:housenumber": "171",
        "addr:street": "Front Street East",
        "amenity": "library",
        "internet_access": "wlan",
        "internet_access:fee": "no",
        "name": "Toronto Public Library - St. Lawrence",
        "operator": "Toronto Public Library",
        "operator:short": "TPL",
        "operator:type": "public",
        "operator:wikidata": "Q2901516",
        "operator:wikipedia": "en:Toronto Public Library",
        "website": "https://www.torontopubliclibrary.ca/detail.jsp?R=LIB084",
        "wheelchair": "yes"
      },
      "geometry": {
        "type": "Point",
        "coordinates": [
          -79.3684534,
          43.6499639
        ]
      },
      "id": "node/380040875"
    },
    {
      "type": "Feature",
      "properties": {
        "@id": "node/390360251",
        "addr:city": "North York",
        "addr:housenumber": "2901",
        "addr:street": "Bayview Avenue",
        "amenity": "library",
        "internet_access": "wlan",
        "internet_access:fee": "no",
        "name": "Toronto Public Library - Bayview",
        "note": "closed sun-mon",
        "opendata:type": "107009",
        "operator": "Toronto Public Library",
        "operator:short": "TPL",
        "operator:type": "public",
        "operator:wikidata": "Q2901516",
        "operator:wikipedia": "en:Toronto Public Library",
        "phone": "+1-416-395-5460",
        "website": "https://www.torontopubliclibrary.ca/detail.jsp?R=LIB024",
        "wikidata": "Q56530254"
      },
      "geometry": {
        "type": "Point",
        "coordinates": [
          -79.3848826,
          43.7685073
        ]
      },
      "id": "node/390360251"
    },
    {
      "type": "Feature",
      "properties": {
        "@id": "node/392146011",
        "addr:housenumber": "1081",
        "addr:street": "Pape Avenue",
        "amenity": "library",
        "internet_access": "wlan",
        "internet_access:fee": "no",
        "name": "Toronto Public Library - Todmorden Room",
        "operator": "Toronto Public Library",
        "operator:short": "TPL",
        "operator:type": "public",
        "operator:wikidata": "Q2901516",
        "operator:wikipedia": "en:Toronto Public Library",
        "website": "https://www.torontopubliclibrary.ca/detail.jsp?R=LIB091",
        "wheelchair": "yes"
      },
      "geometry": {
        "type": "Point",
        "coordinates": [
          -79.3494163,
          43.6916206
        ]
      },
      "id": "node/392146011"
    },
    {
      "type": "Feature",
      "properties": {
        "@id": "node/495884112",
        "addr:housenumber": "123",
        "addr:street": "Guildwood Parkway",
        "amenity": "library",
        "check_date": "2024-03-04",
        "internet_access": "wlan",
        "internet_access:fee": "no",
        "name": "Toronto Public Library - Guildwood",
        "operator": "Toronto Public Library",
        "operator:short": "TPL",
        "operator:type": "public",
        "operator:wikidata": "Q2901516",
        "operator:wikipedia": "en:Toronto Public Library",
        "website": "https://www.torontopubliclibrary.ca/detail.jsp?R=LIB139"
      },
      "geometry": {
        "type": "Point",
        "coordinates": [
          -79.1996733,
          43.7468707
        ]
      },
      "id": "node/495884112"
    },
    {
      "type": "Feature",
      "properties": {
        "@id": "node/544671711",
        "addr:housenumber": "2140",
        "addr:street": "Avenue Road",
        "amenity": "library",
        "internet_access": "wlan",
        "internet_access:fee": "no",
        "name": "Toronto Public Library - Armour Heights",
        "operator": "Toronto Public Library",
        "operator:short": "TPL",
        "operator:type": "public",
        "operator:wikidata": "Q2901516",
        "operator:wikipedia": "en:Toronto Public Library",
        "website": "https://www.torontopubliclibrary.ca/detail.jsp?R=LIB023"
      },
      "geometry": {
        "type": "Point",
        "coordinates": [
          -79.4217072,
          43.7392676
        ]
      },
      "id": "node/544671711"
    },
    {
      "type": "Feature",
      "properties": {
        "@id": "node/557784661",
        "addr:city": "Toronto",
        "addr:housenumber": "95",
        "addr:street": "Lavinia Avenue",
        "amenity": "library",
        "internet_access": "wlan",
        "internet_access:fee": "no",
        "name": "Toronto Public Library - Swansea Memorial",
        "operator": "Toronto Public Library",
        "operator:short": "TPL",
        "operator:type": "public",
        "operator:wikidata": "Q2901516",
        "operator:wikipedia": "en:Toronto Public Library",
        "website": "https://www.torontopubliclibrary.ca/detail.jsp?R=LIB088"
      },
      "geometry": {
        "type": "Point",
        "coordinates": [
          -79.4778706,
          43.6476015
        ]
      },
      "id": "node/557784661"
    },
    {
      "type": "Feature",
      "properties": {
        "@id": "node/647621883",
        "addr:city": "Toronto",
        "addr:housenumber": "701",
        "addr:street": "Pape Avenue",
        "amenity": "library",
        "internet_access": "wlan",
        "internet_access:fee": "no",
        "name": "Toronto Public Library - Pape/Danforth",
        "opening_hours": "Mo-Fr 09:00-20:30; Sa 09:00-17:00; Su 13:30-17:00",
        "operator": "Toronto Public Library",
        "operator:short": "TPL",
        "operator:type": "public",
        "operator:wikidata": "Q2901516",
        "operator:wikipedia": "en:Toronto Public Library",
        "toilets:wheelchair": "yes",
        "website": "https://www.torontopubliclibrary.ca/detail.jsp?R=LIB015",
        "wheelchair": "yes"
      },
      "geometry": {
        "type": "Point",
        "coordinates": [
          -79.3445514,
          43.6785829
        ]
      },
      "id": "node/647621883"
    },
    {
      "type": "Feature",
      "properties": {
        "@id": "node/658419968",
        "addr:city": "Toronto",
        "addr:housenumber": "1432",
        "addr:postcode": "M4L 1Z6",
        "addr:street": "Gerrard Street East",
        "amenity": "library",
        "internet_access": "wlan",
        "internet_access:fee": "no",
        "name": "Toronto Public Library - Gerrard/Ashdale",
        "operator": "Toronto Public Library",
        "operator:short": "TPL",
        "operator:type": "public",
        "operator:wikidata": "Q2901516",
        "operator:wikipedia": "en:Toronto Public Library",
        "phone": "+1-416-393-7717",
        "website": "https://www.torontopubliclibrary.ca/detail.jsp?R=LIB047",
        "wheelchair": "yes",
        "wikidata": "Q106414289"
      },
      "geometry": {
        "type": "Point",
        "coordinates": [
          -79.3220909,
          43.6724724
        ]
      },
      "id": "node/658419968"
    },
    {
      "type": "Feature",
      "properties": {
        "@id": "node/760747792",
        "amenity": "library",
        "name": "Regis College Library",
        "operator": "University of Toronto",
        "operator:type": "university",
        "operator:wikidata": "Q180865",
        "operator:wikipedia": "en:University of Toronto",
        "wikidata": "Q105275289"
      },
      "geometry": {
        "type": "Point",
        "coordinates": [
          -79.3901445,
          43.6639023
        ]
      },
      "id": "node/760747792"
    },
    {
      "type": "Feature",
      "properties": {
        "@id": "node/766976287",
        "addr:city": "Toronto",
        "addr:housenumber": "20",
        "addr:street": "Willcocks Street",
        "amenity": "library",
        "check_date": "2025-04-30",
        "description": "The collection reflects the College’s programs in Women’s Studies, Caribbean Studies, and African Studies, with computers and printers available for students. Open 24/7 during exam season with TCard.",
        "email": "newcollege.library@utoronto.ca",
        "internet_access": "wlan",
        "internet_access:fee": "students",
        "level": "2",
        "name": "New College Library (Ivey)",
        "opening_hours": "Mo-Th 09:00-17:00; Fr-Su off",
        "operator": "University of Toronto",
        "operator:type": "university",
        "operator:wikidata": "Q180865",
        "operator:wikipedia": "en:University of Toronto",
        "phone": "+1 4169782493",
        "website": "https://newcollege.utoronto.ca/academics/library/",
        "wheelchair": "limited",
        "wikidata": "Q104908199"
      },
      "geometry": {
        "type": "Point",
        "coordinates": [
          -79.4001637,
          43.6617897
        ]
      },
      "id": "node/766976287"
    },
    {
      "type": "Feature",
      "properties": {
        "@id": "node/822251784",
        "amenity": "library",
        "name": "University of Toronto at Scarborough Library",
        "name:ta": "ரொறன்ரோ பல்கலைக்கழகம் - இசுகார்புரோ வளாக நூலகம்",
        "opening_hours": "Mo-Fr 08:00-22:00; Sa,Su 12:00-20:00",
        "operator": "University of Toronto",
        "operator:type": "university",
        "operator:wikidata": "Q180865",
        "operator:wikipedia": "en:University of Toronto",
        "wikidata": "Q43543428"
      },
      "geometry": {
        "type": "Point",
        "coordinates": [
          -79.1863453,
          43.7838442
        ]
      },
      "id": "node/822251784"
    },
    {
      "type": "Feature",
      "properties": {
        "@id": "node/862559309",
        "addr:city": "Toronto",
        "addr:housenumber": "252",
        "addr:postcode": "M5S 1V6",
        "addr:street": "Bloor Street West",
        "amenity": "library",
        "name": "OISE Library",
        "note": "The OISE Library belongs to Ontario Institution for Study of Education",
        "operator": "University of Toronto",
        "operator:type": "university",
        "operator:wikidata": "Q180865",
        "operator:wikipedia": "en:University of Toronto",
        "wheelchair": "yes",
        "wikidata": "Q76004477"
      },
      "geometry": {
        "type": "Point",
        "coordinates": [
          -79.3985772,
          43.6683064
        ]
      },
      "id": "node/862559309"
    },
    {
      "type": "Feature",
      "properties": {
        "@id": "node/874496269",
        "addr:housenumber": "2380",
        "addr:postcode": "M1K 2P3",
        "addr:street": "Eglinton Avenue East",
        "amenity": "library",
        "internet_access": "wlan",
        "internet_access:fee": "no",
        "name": "Toronto Public Library - Kennedy/Eglinton",
        "operator": "Toronto Public Library",
        "operator:short": "TPL",
        "operator:type": "public",
        "operator:wikidata": "Q2901516",
        "operator:wikipedia": "en:Toronto Public Library",
        "phone": "+1-416-396-8924",
        "source": "survey",
        "website": "https://www.torontopubliclibrary.ca/detail.jsp?R=LIB138",
        "wheelchair": "yes"
      },
      "geometry": {
        "type": "Point",
        "coordinates": [
          -79.2704268,
          43.7322688
        ]
      },
      "id": "node/874496269"
    },
    {
      "type": "Feature",
      "properties": {
        "@id": "node/938166471",
        "amenity": "library",
        "name": "Engineering Library",
        "operator": "University of Toronto",
        "operator:type": "university",
        "operator:wikidata": "Q180865",
        "operator:wikipedia": "en:University of Toronto",
        "source": "approx"
      },
      "geometry": {
        "type": "Point",
        "coordinates": [
          -79.3949804,
          43.6601686
        ]
      },
      "id": "node/938166471"
    },
    {
      "type": "Feature",
      "properties": {
        "@id": "node/1112049841",
        "amenity": "library",
        "name": "Osgoode Hall Library",
        "operator": "York University",
        "operator:type": "private",
        "wikidata": "Q105401554"
      },
      "geometry": {
        "type": "Point",
        "coordinates": [
          -79.5044789,
          43.7708395
        ]
      },
      "id": "node/1112049841"
    },
    {
      "type": "Feature",
      "properties": {
        "@id": "node/1153342892",
        "amenity": "library",
        "check_date": "2025-01-30",
        "name": "Joseph L. Rotman Library",
        "opening_hours": "Mo-Fr 08:30-23:00; Sa 09:00-22:00; Su 10:00-22:00",
        "operator": "University of Toronto",
        "operator:type": "university",
        "operator:wikidata": "Q180865",
        "operator:wikipedia": "en:University of Toronto"
      },
      "geometry": {
        "type": "Point",
        "coordinates": [
          -79.3985,
          43.665098
        ]
      },
      "id": "node/1153342892"
    },
    {
      "type": "Feature",
      "properties": {
        "@id": "node/1219703142",
        "addr:city": "Toronto",
        "addr:housenumber": "700",
        "addr:street": "Eglinton Avenue West",
        "amenity": "library",
        "internet_access": "wlan",
        "internet_access:fee": "no",
        "name": "Toronto Public Library - Forest Hill",
        "operator": "Toronto Public Library",
        "operator:short": "TPL",
        "operator:type": "public",
        "operator:wikidata": "Q2901516",
        "operator:wikipedia": "en:Toronto Public Library",
        "website": "https://www.torontopubliclibrary.ca/detail.jsp?R=LIB046"
      },
      "geometry": {
        "type": "Point",
        "coordinates": [
          -79.4206252,
          43.7023666
        ]
      },
      "id": "node/1219703142"
    },
    {
      "type": "Feature",
      "properties": {
        "@id": "node/1302306758",
        "addr:city": "Toronto",
        "addr:housenumber": "599",
        "addr:street": "Mount Pleasant Road",
        "alt_name": "Mount Pleasant",
        "amenity": "library",
        "internet_access": "wlan",
        "internet_access:fee": "no",
        "name": "Toronto Public Library - Mount Pleasant",
        "operator": "Toronto Public Library",
        "operator:short": "TPL",
        "operator:type": "public",
        "operator:wikidata": "Q2901516",
        "operator:wikipedia": "en:Toronto Public Library",
        "website": "https://www.torontopubliclibrary.ca/detail.jsp?R=LIB068"
      },
      "geometry": {
        "type": "Point",
        "coordinates": [
          -79.3881996,
          43.7039289
        ]
      },
      "id": "node/1302306758"
    },
    {
      "type": "Feature",
      "properties": {
        "@id": "node/1565428920",
        "addr:city": "Toronto",
        "addr:housenumber": "137",
        "addr:street": "Main Street",
        "amenity": "library",
        "designation": "Main Street branch, Toronto Public Library",
        "internet_access": "wlan",
        "internet_access:fee": "no",
        "name": "Toronto Public Library - Main Street",
        "opening_hours": "Mo-Th 09:00-20:30, Fr-Sa 09:00-17:00, Su off",
        "operator": "Toronto Public Library",
        "operator:short": "TPL",
        "operator:type": "public",
        "operator:wikidata": "Q2901516",
        "operator:wikipedia": "en:Toronto Public Library",
        "source": "http://www.torontopubliclibrary.ca/detail.jsp?Entt=RDMLIB062&R=LIB062",
        "website": "https://www.torontopubliclibrary.ca/detail.jsp?R=LIB062",
        "wheelchair": "yes"
      },
      "geometry": {
        "type": "Point",
        "coordinates": [
          -79.2994443,
          43.6834165
        ]
      },
      "id": "node/1565428920"
    },
    {
      "type": "Feature",
      "properties": {
        "@id": "node/2074755121",
        "addr:housenumber": "1",
        "addr:street": "Eglinton Square",
        "amenity": "library",
        "internet_access": "wlan",
        "internet_access:fee": "no",
        "name": "Toronto Public Library - Eglinton Square",
        "operator": "Toronto Public Library",
        "operator:short": "TPL",
        "operator:type": "public",
        "operator:wikidata": "Q2901516",
        "operator:wikipedia": "en:Toronto Public Library",
        "source": "survey",
        "website": "https://www.torontopubliclibrary.ca/detail.jsp?R=LIB042"
      },
      "geometry": {
        "type": "Point",
        "coordinates": [
          -79.2993483,
          43.7233296
        ]
      },
      "id": "node/2074755121"
    },
    {
      "type": "Feature",
      "properties": {
        "@id": "node/2143284305",
        "addr:floor": "2",
        "addr:housenumber": "75",
        "addr:street": "Queen's Park Crescent East",
        "amenity": "library",
        "check_date": "2025-04-30",
        "description": "The Emmanuel College Library’s collection focuses on theology and religion.",
        "email": "karen.wishart@utoronto.ca",
        "internet_access": "wlan",
        "internet_access:fee": "students",
        "name": "Emmanuel College Library - Victoria University",
        "opening_hours": "Mo-Th 09:00-21:00; Fr 09:00-17:00; Sa 13:00-17:00; Su off",
        "operator": "University of Toronto",
        "operator:type": "university",
        "operator:wikidata": "Q180865",
        "operator:wikipedia": "en:University of Toronto",
        "phone": "+1 4165854550",
        "website": "https://library.vicu.utoronto.ca/emmanuel/",
        "wheelchair": "no",
        "wikidata": "Q104908196"
      },
      "geometry": {
        "type": "Point",
        "coordinates": [
          -79.3926981,
          43.666578
        ]
      },
      "id": "node/2143284305"
    },
    {
      "type": "Feature",
      "properties": {
        "@id": "node/2143434330",
        "amenity": "library",
        "name": "Hart House Library",
        "operator": "University of Toronto",
        "operator:type": "university",
        "operator:wikidata": "Q180865",
        "operator:wikipedia": "en:University of Toronto",
        "wheelchair": "yes",
        "wikidata": "Q132327986",
        "wikimedia_commons": "File:Hart House Library.jpg"
      },
      "geometry": {
        "type": "Point",
        "coordinates": [
          -79.3947865,
          43.663612
        ]
      },
      "id": "node/2143434330"
    },
    {
      "type": "Feature",
      "properties": {
        "@id": "node/2159618485",
        "addr:housenumber": "110",
        "addr:street": "Eleventh Street",
        "amenity": "library",
        "internet_access": "wlan",
        "internet_access:fee": "no",
        "name": "Toronto Public Library - New Toronto",
        "operator": "Toronto Public Library",
        "operator:short": "TPL",
        "operator:type": "public",
        "operator:wikidata": "Q2901516",
        "operator:wikipedia": "en:Toronto Public Library",
        "website": "https://www.torontopubliclibrary.ca/detail.jsp?R=LIB069"
      },
      "geometry": {
        "type": "Point",
        "coordinates": [
          -79.5096039,
          43.599049
        ]
      },
      "id": "node/2159618485"
    },
    {
      "type": "Feature",
      "properties": {
        "@id": "node/2160319554",
        "addr:city": "Etobicoke",
        "addr:housenumber": "2",
        "addr:street": "Orianna Drive",
        "amenity": "library",
        "internet_access": "wlan",
        "internet_access:fee": "no",
        "name": "Toronto Public Library - Alderwood",
        "opening_hours": "Mo 10:00-20:30; Tu,We,Fr 10:00-18:00; Th 12:30-20:30; Sa 09:00-17:00",
        "operator": "Toronto Public Library",
        "operator:short": "TPL",
        "operator:type": "public",
        "operator:wikidata": "Q2901516",
        "operator:wikipedia": "en:Toronto Public Library",
        "website": "https://www.torontopubliclibrary.ca/detail.jsp?R=LIB020"
      },
      "geometry": {
        "type": "Point",
        "coordinates": [
          -79.5473673,
          43.601598
        ]
      },
      "id": "node/2160319554"
    },
    {
      "type": "Feature",
      "properties": {
        "@id": "node/2345177399",
        "addr:city": "Scarborough",
        "addr:housenumber": "1081",
        "addr:postcode": "M1B 5Z6",
        "addr:street": "Progress Avenue",
        "amenity": "library",
        "internet_access": "wlan",
        "internet_access:fee": "no",
        "name": "Toronto Public Library - Burrows Hall",
        "operator": "Toronto Public Library",
        "operator:short": "TPL",
        "operator:type": "public",
        "operator:wikidata": "Q2901516",
        "operator:wikipedia": "en:Toronto Public Library",
        "phone": "+1-416-396-8740",
        "website": "https://www.torontopubliclibrary.ca/detail.jsp?R=LIB030"
      },
      "geometry": {
        "type": "Point",
        "coordinates": [
          -79.2343514,
          43.794133
        ]
      },
      "id": "node/2345177399"
    },
    {
      "type": "Feature",
      "properties": {
        "@id": "node/2345177400",
        "amenity": "library",
        "layer": "1",
        "name": "Richard Charles Lee Resource Centre",
        "name:zh": "利銘澤資訊中心",
        "note": "Very small special library belonging to the Chinese Cultural Centre of Greater Toronto that is open to the public",
        "operator": "Chinese Cultural Centre of Greater Toronto",
        "operator:type": "private"
      },
      "geometry": {
        "type": "Point",
        "coordinates": [
          -79.2339223,
          43.7943847
        ]
      },
      "id": "node/2345177400"
    },
    {
      "type": "Feature",
      "properties": {
        "@id": "node/2345304440",
        "amenity": "library",
        "layer": "1",
        "name": "Dorothy H. Hoover Library",
        "operator": "OCAD University",
        "operator:type": "private",
        "website": "https://www.ocadu.ca/library.htm"
      },
      "geometry": {
        "type": "Point",
        "coordinates": [
          -79.3900504,
          43.6533748
        ]
      },
      "id": "node/2345304440"
    },
    {
      "type": "Feature",
      "properties": {
        "@id": "node/2348626187",
        "addr:city": "Scarborough",
        "addr:housenumber": "375",
        "addr:street": "Bamburgh Circle",
        "amenity": "library",
        "internet_access": "wlan",
        "internet_access:fee": "no",
        "name": "Toronto Public Library - Steeles",
        "opendata:type": "107009",
        "operator": "Toronto Public Library",
        "operator:short": "TPL",
        "operator:type": "public",
        "operator:wikidata": "Q2901516",
        "operator:wikipedia": "en:Toronto Public Library",
        "website": "https://www.torontopubliclibrary.ca/detail.jsp?R=LIB087",
        "wheelchair": "yes"
      },
      "geometry": {
        "type": "Point",
        "coordinates": [
          -79.3221583,
          43.8154998
        ]
      },
      "id": "node/2348626187"
    },
    {
      "type": "Feature",
      "properties": {
        "@id": "node/2478475864",
        "addr:housenumber": "100",
        "addr:street": "Queen Street West",
        "amenity": "library",
        "internet_access": "wlan",
        "internet_access:fee": "no",
        "name": "Toronto Public Library - City Hall",
        "opening_hours": "Mo-Fr; Sa-Su off",
        "operator": "Toronto Public Library",
        "operator:short": "TPL",
        "operator:type": "public",
        "operator:wikidata": "Q2901516",
        "operator:wikipedia": "en:Toronto Public Library",
        "website": "https://www.torontopubliclibrary.ca/"
      },
      "geometry": {
        "type": "Point",
        "coordinates": [
          -79.3832344,
          43.65313
        ]
      },
      "id": "node/2478475864"
    },
    {
      "type": "Feature",
      "properties": {
        "@id": "node/2535697014",
        "addr:city": "Toronto",
        "addr:housenumber": "1748",
        "addr:street": "St. Clair Avenue West",
        "amenity": "library",
        "internet_access": "wlan",
        "internet_access:fee": "no",
        "name": "Toronto Public Library - St. Clair/Silverthorn",
        "opendata:type": "107009",
        "operator": "Toronto Public Library",
        "operator:short": "TPL",
        "operator:type": "public",
        "operator:wikidata": "Q2901516",
        "operator:wikipedia": "en:Toronto Public Library",
        "website": "https://www.torontopubliclibrary.ca/detail.jsp?R=LIB082"
      },
      "geometry": {
        "type": "Point",
        "coordinates": [
          -79.4605933,
          43.6742497
        ]
      },
      "id": "node/2535697014"
    },
    {
      "type": "Feature",
      "properties": {
        "@id": "node/2536958379",
        "addr:city": "North York",
        "addr:housenumber": "16",
        "addr:street": "Bradstock Road",
        "amenity": "library",
        "internet_access": "wlan",
        "internet_access:fee": "no",
        "name": "Toronto Public Library - Woodview Park",
        "opendata:type": "107009",
        "operator": "Toronto Public Library",
        "operator:short": "TPL",
        "operator:type": "public",
        "operator:wikidata": "Q2901516",
        "operator:wikipedia": "en:Toronto Public Library",
        "website": "https://www.torontopubliclibrary.ca/detail.jsp?R=LIB095"
      },
      "geometry": {
        "type": "Point",
        "coordinates": [
          -79.5383431,
          43.7397078
        ]
      },
      "id": "node/2536958379"
    },
    {
      "type": "Feature",
      "properties": {
        "@id": "node/2536973513",
        "addr:city": "Scarborough",
        "addr:housenumber": "3017",
        "addr:street": "Kingston Road",
        "amenity": "library",
        "internet_access": "wlan",
        "internet_access:fee": "no",
        "name": "Toronto Public Library - Cliffcrest",
        "opendata:type": "107009",
        "operator": "Toronto Public Library",
        "operator:short": "TPL",
        "operator:type": "public",
        "operator:wikidata": "Q2901516",
        "operator:wikipedia": "en:Toronto Public Library",
        "toilets:wheelchair": "yes",
        "website": "https://www.torontopubliclibrary.ca/detail.jsp?R=LIB033",
        "wheelchair": "yes"
      },
      "geometry": {
        "type": "Point",
        "coordinates": [
          -79.2304786,
          43.7256046
        ]
      },
      "id": "node/2536973513"
    },
    {
      "type": "Feature",
      "properties": {
        "@id": "node/2795494063",
        "addr:housenumber": "295",
        "addr:street": "Alton Towers Circle",
        "amenity": "library",
        "internet_access": "wlan",
        "internet_access:fee": "no",
        "name": "Toronto Public Library - Goldhawk Park",
        "operator": "Toronto Public Library",
        "operator:short": "TPL",
        "operator:type": "public",
        "operator:wikidata": "Q2901516",
        "operator:wikipedia": "en:Toronto Public Library",
        "website": "https://www.torontopubliclibrary.ca/detail.jsp?R=LIB048",
        "wikidata": "Q56530571"
      },
      "geometry": {
        "type": "Point",
        "coordinates": [
          -79.277979,
          43.8241124
        ]
      },
      "id": "node/2795494063"
    },
    {
      "type": "Feature",
      "properties": {
        "@id": "node/2853026332",
        "amenity": "library",
        "internet_access": "yes",
        "internet_access:fee": "no",
        "name": "Toronto Public Library - Woodside Square",
        "operator": "Toronto Public Library",
        "operator:short": "TPL",
        "operator:type": "public",
        "operator:wikidata": "Q2901516",
        "operator:wikipedia": "en:Toronto Public Library",
        "website": "https://www.torontopubliclibrary.ca/detail.jsp?R=LIB094",
        "wikidata": "Q56912649"
      },
      "geometry": {
        "type": "Point",
        "coordinates": [
          -79.2702061,
          43.8087862
        ]
      },
      "id": "node/2853026332"
    },
    {
      "type": "Feature",
      "properties": {
        "@id": "node/2868793761",
        "addr:city": "Scarborough",
        "addr:housenumber": "30",
        "addr:street": "Sewells Road",
        "after_hours_return": "no",
        "amenity": "library",
        "internet_access": "wlan",
        "internet_access:fee": "no",
        "name": "Toronto Public Library - Malvern",
        "opening_hours": "Mo-Fr 09:00-20:30; Sa 09:00-17:00; Su 13:30-17:00",
        "operator": "Toronto Public Library",
        "operator:short": "TPL",
        "operator:type": "public",
        "operator:wikidata": "Q2901516",
        "operator:wikipedia": "en:Toronto Public Library",
        "return_machine": "yes",
        "website": "https://www.torontopubliclibrary.ca/detail.jsp?R=LIB012",
        "wikidata": "Q56613102"
      },
      "geometry": {
        "type": "Point",
        "coordinates": [
          -79.2158192,
          43.8081062
        ]
      },
      "id": "node/2868793761"
    },
    {
      "type": "Feature",
      "properties": {
        "@id": "node/2892352944",
        "addr:housenumber": "85",
        "addr:street": "Ellesmere Road",
        "amenity": "library",
        "internet_access": "wlan",
        "internet_access:fee": "no",
        "name": "Toronto Public Library - Maryvale",
        "operator": "Toronto Public Library",
        "operator:short": "TPL",
        "operator:type": "public",
        "operator:wikidata": "Q2901516",
        "operator:wikipedia": "en:Toronto Public Library",
        "website": "https://www.torontopubliclibrary.ca/detail.jsp?R=LIB063"
      },
      "geometry": {
        "type": "Point",
        "coordinates": [
          -79.3113567,
          43.7573469
        ]
      },
      "id": "node/2892352944"
    },
    {
      "type": "Feature",
      "properties": {
        "@id": "node/2998586814",
        "amenity": "library",
        "name": "Seneca College Library",
        "operator:type": "private",
        "wheelchair": "yes"
      },
      "geometry": {
        "type": "Point",
        "coordinates": [
          -79.3499498,
          43.795741
        ]
      },
      "id": "node/2998586814"
    },
    {
      "type": "Feature",
      "properties": {
        "@id": "node/3108416942",
        "amenity": "library",
        "level": "1",
        "name": "University of Toronto Dentistry Library",
        "operator": "University of Toronto",
        "operator:type": "university",
        "operator:wikidata": "Q180865",
        "operator:wikipedia": "en:University of Toronto"
      },
      "geometry": {
        "type": "Point",
        "coordinates": [
          -79.3872144,
          43.6560088
        ]
      },
      "id": "node/3108416942"
    },
    {
      "type": "Feature",
      "properties": {
        "@id": "node/3519724300",
        "addr:housenumber": "29",
        "addr:street": "St. Dennis Drive",
        "amenity": "library",
        "name": "Toronto Public Library - Flemingdon Park",
        "operator": "Toronto Public Library",
        "operator:short": "TPL",
        "operator:type": "public",
        "operator:wikidata": "Q2901516",
        "operator:wikipedia": "en:Toronto Public Library",
        "website": "https://www.torontopubliclibrary.ca/detail.jsp?R=LIB045"
      },
      "geometry": {
        "type": "Point",
        "coordinates": [
          -79.3315243,
          43.7180345
        ]
      },
      "id": "node/3519724300"
    },
    {
      "type": "Feature",
      "properties": {
        "@id": "node/3733276159",
        "amenity": "library",
        "name": "Map & Data Library",
        "operator": "University of Toronto",
        "operator:type": "university",
        "operator:wikidata": "Q180865",
        "operator:wikipedia": "en:University of Toronto",
        "wikidata": "Q105834226"
      },
      "geometry": {
        "type": "Point",
        "coordinates": [
          -79.3994417,
          43.6645816
        ]
      },
      "id": "node/3733276159"
    },
    {
      "type": "Feature",
      "properties": {
        "@id": "node/3733743224",
        "amenity": "library",
        "name": "Centennial College Library",
        "operator:type": "private"
      },
      "geometry": {
        "type": "Point",
        "coordinates": [
          -79.2280141,
          43.7855051
        ]
      },
      "id": "node/3733743224"
    },
    {
      "type": "Feature",
      "properties": {
        "@id": "node/3739272041",
        "addr:housenumber": "850",
        "addr:street": "Humberwood Boulevard",
        "amenity": "library",
        "name": "Toronto Public Library - Humberwood",
        "operator": "Toronto Public Library",
        "operator:short": "TPL",
        "operator:type": "public",
        "operator:wikidata": "Q2901516",
        "operator:wikipedia": "en:Toronto Public Library",
        "phone": "+1-416-394-5210",
        "website": "https://www.torontopubliclibrary.ca/detail.jsp?R=LIB054"
      },
      "geometry": {
        "type": "Point",
        "coordinates": [
          -79.6192529,
          43.7287017
        ]
      },
      "id": "node/3739272041"
    },
    {
      "type": "Feature",
      "properties": {
        "@id": "node/4012853990",
        "addr:housenumber": "5450",
        "addr:street": "Lawrence Avenue East",
        "amenity": "library",
        "name": "Toronto Public Library - Port Union",
        "operator": "Toronto Public Library",
        "operator:short": "TPL",
        "operator:type": "public",
        "operator:wikidata": "Q2901516",
        "operator:wikipedia": "en:Toronto Public Library",
        "website": "https://www.torontopubliclibrary.ca/detail.jsp?R=LIB077"
      },
      "geometry": {
        "type": "Point",
        "coordinates": [
          -79.1400466,
          43.7796268
        ]
      },
      "id": "node/4012853990"
    },
    {
      "type": "Feature",
      "properties": {
        "@id": "node/4482456190",
        "amenity": "library",
        "name": "Waterfront Library Learning Commons",
        "operator": "George Brown College",
        "operator:type": "private"
      },
      "geometry": {
        "type": "Point",
        "coordinates": [
          -79.3656079,
          43.6441001
        ]
      },
      "id": "node/4482456190"
    },
    {
      "type": "Feature",
      "properties": {
        "@id": "node/5983699313",
        "addr:housenumber": "130",
        "addr:postcode": "M5H 2N6",
        "addr:street": "Queen Street West",
        "amenity": "library",
        "name": "Great Library",
        "operator": "Law Society of Ontario",
        "operator:type": "private",
        "website": "https://lso.ca/about-lso/great-library",
        "wikidata": "Q108781712"
      },
      "geometry": {
        "type": "Point",
        "coordinates": [
          -79.3855253,
          43.6518332
        ]
      },
      "id": "node/5983699313"
    },
    {
      "type": "Feature",
      "properties": {
        "@id": "node/6201241949",
        "addr:city": "Scarborough",
        "addr:housenumber": "2219",
        "addr:street": "Lawrence Avenue East",
        "amenity": "library",
        "internet_access": "wlan",
        "internet_access:fee": "no",
        "name": "Toronto Public Library - McGregor Park",
        "operator": "Toronto Public Library",
        "operator:short": "TPL",
        "operator:type": "public",
        "operator:wikidata": "Q2901516",
        "operator:wikipedia": "en:Toronto Public Library",
        "website": "https://www.torontopubliclibrary.ca/detail.jsp?R=LIB064"
      },
      "geometry": {
        "type": "Point",
        "coordinates": [
          -79.2810908,
          43.7478607
        ]
      },
      "id": "node/6201241949"
    },
    {
      "type": "Feature",
      "properties": {
        "@id": "node/6205162531",
        "addr:city": "Toronto",
        "addr:housenumber": "34",
        "addr:postcode": "M4Y 1N1",
        "addr:street": "Isabella Street",
        "amenity": "library",
        "contact:facebook": "https://www.facebook.com/CLGArchives",
        "contact:instagram": "https://www.instagram.com/CLGArchives/",
        "contact:twitter": "CLGArchives",
        "email": "queeries@clga.ca",
        "name": "Canadian Lesbian and Gay Archives",
        "opening_hours": "Tu-Th 18:30-21:00; Fr 13:00-17:00",
        "operator:type": "private",
        "phone": "+1-416-777-2755",
        "website": "https://clga.ca/"
      },
      "geometry": {
        "type": "Point",
        "coordinates": [
          -79.3839765,
          43.668138
        ]
      },
      "id": "node/6205162531"
    },
    {
      "type": "Feature",
      "properties": {
        "@id": "node/6329886749",
        "addr:housenumber": "123B",
        "addr:street": "Rexdale Boulevard",
        "amenity": "library",
        "name": "Toronto Public Library - Northern Elms",
        "operator": "Toronto Public Library",
        "operator:short": "TPL",
        "operator:type": "public",
        "operator:wikidata": "Q2901516",
        "operator:wikipedia": "en:Toronto Public Library",
        "website": "https://www.torontopubliclibrary.ca/detail.jsp?R=LIB070"
      },
      "geometry": {
        "type": "Point",
        "coordinates": [
          -79.5653902,
          43.7108139
        ]
      },
      "id": "node/6329886749"
    },
    {
      "type": "Feature",
      "properties": {
        "@id": "node/6355537431",
        "addr:housenumber": "1700",
        "addr:street": "Wilson Avenue",
        "amenity": "library",
        "level": "-1",
        "name": "Toronto Public Library - Black Creek",
        "operator": "Toronto Public Library",
        "operator:short": "TPL",
        "operator:type": "public",
        "operator:wikidata": "Q2901516",
        "operator:wikipedia": "en:Toronto Public Library",
        "website": "https://www.torontopubliclibrary.ca/detail.jsp?R=LIB027"
      },
      "geometry": {
        "type": "Point",
        "coordinates": [
          -79.511318,
          43.7216025
        ]
      },
      "id": "node/6355537431"
    },
    {
      "type": "Feature",
      "properties": {
        "@id": "node/7620448400",
        "alt_name": "Kitaplik Ankara Library",
        "amenity": "library",
        "name": "Ankara Library",
        "operator": "Ankara Library",
        "operator:type": "private"
      },
      "geometry": {
        "type": "Point",
        "coordinates": [
          -79.3804329,
          43.7101837
        ]
      },
      "id": "node/7620448400"
    },
    {
      "type": "Feature",
      "properties": {
        "@id": "node/8534472642",
        "addr:city": "Toronto",
        "addr:housenumber": "103",
        "addr:postcode": "M5T2N8",
        "addr:province": "Ontario",
        "addr:street": "Bellevue Avenue",
        "amenity": "library",
        "description": "provide freely accessible seeds and seed-related education",
        "name": "Toronto Seed Library",
        "wikidata": "Q105660520"
      },
      "geometry": {
        "type": "Point",
        "coordinates": [
          -79.4040983,
          43.6568798
        ]
      },
      "id": "node/8534472642"
    },
    {
      "type": "Feature",
      "properties": {
        "@id": "node/9915229472",
        "access": "yes",
        "addr:city": "Toronto",
        "addr:postcode": "M5T 2S8",
        "addr:province": "Ontario",
        "air_conditioning": "yes",
        "amenity": "library",
        "baby_feeding": "no",
        "internet_access": "wlan",
        "internet_access:fee": "no",
        "internet_access:ssid": "UHN-Guest-WiFi",
        "level": "0",
        "name": "Paul B. Helliwell Patient & Family Library",
        "opening_hours": "Mo-Th 08:30-16:30; Fr 08:30-16:00",
        "wheelchair": "yes"
      },
      "geometry": {
        "type": "Point",
        "coordinates": [
          -79.4061442,
          43.6535281
        ]
      },
      "id": "node/9915229472"
    },
    {
      "type": "Feature",
      "properties": {
        "@id": "node/12140613509",
        "amenity": "library",
        "internet_access": "yes",
        "internet_access:fee": "no",
        "name": "Peter F. Bronfman Business Library",
        "operator": "York University",
        "operator:type": "university",
        "website": "https://www.library.yorku.ca/web/bbl/",
        "wheelchair": "yes",
        "wikidata": "Q105401660"
      },
      "geometry": {
        "type": "Point",
        "coordinates": [
          -79.498449,
          43.7732536
        ]
      },
      "id": "node/12140613509"
    },
    {
      "type": "Feature",
      "properties": {
        "@id": "node/12762735004",
        "addr:housenumber": "292",
        "addr:street": "Brunswick Avenue",
        "amenity": "library",
        "level": "1",
        "opening_hours": "Tu 18:00-20:20; Fr 18:00-20:00",
        "wikidata": "Q133391682"
      },
      "geometry": {
        "type": "Point",
        "coordinates": [
          -79.4074282,
          43.6652945
        ]
      },
      "id": "node/12762735004"
    },
    {
      "type": "Feature",
      "properties": {
        "@id": "node/12769309069",
        "addr:housenumber": "500",
        "addr:postcode": "M5G1V7",
        "addr:street": "University Avenue",
        "amenity": "library",
        "check_date": "2025-04-19",
        "internet_access": "wlan",
        "internet_access:fee": "no",
        "name": "5. University of Toronto Department of Family and Community Medicine",
        "opening_hours": "Mo-Fr 09:00-17:00",
        "operator": "University of Toronto",
        "operator:type": "university",
        "operator:wikidata": "Q180865",
        "website": "https://dfcm.utoronto.ca"
      },
      "geometry": {
        "type": "Point",
        "coordinates": [
          -79.3890156,
          43.6554477
        ]
      },
      "id": "node/12769309069"
    },
    {
      "type": "Feature",
      "properties": {
        "@id": "node/12800818250",
        "addr:floor": "2",
        "addr:housenumber": "5",
        "addr:street": "Bancroft Avenue",
        "amenity": "library",
        "check_date": "2025-04-30",
        "description": "The collection focuses on botany, forestry, and geology, with computers available for students.",
        "email": "earth.sciences@utoronto.ca",
        "internet_access": "wlan",
        "internet_access:fee": "students",
        "name": "Earth Sciences Library (Noranda)",
        "opening_hours": "Mo-Th 09:00-21:00; Fr 09:00-18:00; Sa-Su off",
        "operator:type": "university",
        "phone": "+1 4169783024",
        "website": "https://earth.library.utoronto.ca",
        "wheelchair": "yes"
      },
      "geometry": {
        "type": "Point",
        "coordinates": [
          -79.3996676,
          43.6604673
        ]
      },
      "id": "node/12800818250"
    }
  ]
}